<repast.simphony.visualization.engine.DefaultDisplayDescriptor>
  <name>Agent Display</name>
  <type>GIS</type>
  <styles>
    <entry>
      <string>repastcity3.agent.ThreadController</string>
      <string>&lt;?xml version=&quot;1.0&quot; encoding=&quot;UTF-8&quot;?&gt;&lt;sld:UserStyle xmlns=&quot;http://www.opengis.net/sld&quot; xmlns:sld=&quot;http://www.opengis.net/sld&quot; xmlns:ogc=&quot;http://www.opengis.net/ogc&quot; xmlns:gml=&quot;http://www.opengis.net/gml&quot;&gt;&lt;sld:Name&gt;Default Styler&lt;/sld:Name&gt;&lt;sld:Title&gt;Default Styler&lt;/sld:Title&gt;&lt;sld:Abstract/&gt;&lt;sld:FeatureTypeStyle&gt;&lt;sld:Name&gt;name&lt;/sld:Name&gt;&lt;sld:Title&gt;title&lt;/sld:Title&gt;&lt;sld:Abstract&gt;abstract&lt;/sld:Abstract&gt;&lt;sld:FeatureTypeName&gt;Feature&lt;/sld:FeatureTypeName&gt;&lt;sld:SemanticTypeIdentifier&gt;generic:geometry&lt;/sld:SemanticTypeIdentifier&gt;&lt;sld:Rule&gt;&lt;sld:MaxScaleDenominator&gt;1.7976931348623157E308&lt;/sld:MaxScaleDenominator&gt;&lt;sld:LineSymbolizer&gt;&lt;sld:Stroke&gt;&lt;sld:CssParameter name=&quot;stroke&quot;&gt;&lt;ogc:Literal&gt;#FF0000&lt;/ogc:Literal&gt;&lt;/sld:CssParameter&gt;&lt;sld:CssParameter name=&quot;stroke-linecap&quot;&gt;&lt;ogc:Literal&gt;butt&lt;/ogc:Literal&gt;&lt;/sld:CssParameter&gt;&lt;sld:CssParameter name=&quot;stroke-linejoin&quot;&gt;&lt;ogc:Literal&gt;miter&lt;/ogc:Literal&gt;&lt;/sld:CssParameter&gt;&lt;sld:CssParameter name=&quot;stroke-opacity&quot;&gt;&lt;ogc:Literal&gt;1.0&lt;/ogc:Literal&gt;&lt;/sld:CssParameter&gt;&lt;sld:CssParameter name=&quot;stroke-width&quot;&gt;&lt;ogc:Literal&gt;1.0&lt;/ogc:Literal&gt;&lt;/sld:CssParameter&gt;&lt;sld:CssParameter name=&quot;stroke-dashoffset&quot;&gt;&lt;ogc:Literal&gt;0.0&lt;/ogc:Literal&gt;&lt;/sld:CssParameter&gt;&lt;/sld:Stroke&gt;&lt;/sld:LineSymbolizer&gt;&lt;/sld:Rule&gt;&lt;/sld:FeatureTypeStyle&gt;&lt;/sld:UserStyle&gt;</string>
    </entry>
    <entry>
      <string>repastcity3.agent.BurglarThread</string>
      <string>&lt;?xml version=&quot;1.0&quot; encoding=&quot;UTF-8&quot;?&gt;&lt;sld:UserStyle xmlns=&quot;http://www.opengis.net/sld&quot; xmlns:sld=&quot;http://www.opengis.net/sld&quot; xmlns:ogc=&quot;http://www.opengis.net/ogc&quot; xmlns:gml=&quot;http://www.opengis.net/gml&quot;&gt;&lt;sld:Name&gt;Default Styler&lt;/sld:Name&gt;&lt;sld:Title&gt;Default Styler&lt;/sld:Title&gt;&lt;sld:Abstract/&gt;&lt;sld:FeatureTypeStyle&gt;&lt;sld:Name&gt;name&lt;/sld:Name&gt;&lt;sld:Title&gt;title&lt;/sld:Title&gt;&lt;sld:Abstract&gt;abstract&lt;/sld:Abstract&gt;&lt;sld:FeatureTypeName&gt;Feature&lt;/sld:FeatureTypeName&gt;&lt;sld:SemanticTypeIdentifier&gt;generic:geometry&lt;/sld:SemanticTypeIdentifier&gt;&lt;sld:Rule&gt;&lt;sld:MaxScaleDenominator&gt;1.7976931348623157E308&lt;/sld:MaxScaleDenominator&gt;&lt;sld:LineSymbolizer&gt;&lt;sld:Stroke&gt;&lt;sld:CssParameter name=&quot;stroke&quot;&gt;&lt;ogc:Literal&gt;#FF0000&lt;/ogc:Literal&gt;&lt;/sld:CssParameter&gt;&lt;sld:CssParameter name=&quot;stroke-linecap&quot;&gt;&lt;ogc:Literal&gt;butt&lt;/ogc:Literal&gt;&lt;/sld:CssParameter&gt;&lt;sld:CssParameter name=&quot;stroke-linejoin&quot;&gt;&lt;ogc:Literal&gt;miter&lt;/ogc:Literal&gt;&lt;/sld:CssParameter&gt;&lt;sld:CssParameter name=&quot;stroke-opacity&quot;&gt;&lt;ogc:Literal&gt;1.0&lt;/ogc:Literal&gt;&lt;/sld:CssParameter&gt;&lt;sld:CssParameter name=&quot;stroke-width&quot;&gt;&lt;ogc:Literal&gt;1.0&lt;/ogc:Literal&gt;&lt;/sld:CssParameter&gt;&lt;sld:CssParameter name=&quot;stroke-dashoffset&quot;&gt;&lt;ogc:Literal&gt;0.0&lt;/ogc:Literal&gt;&lt;/sld:CssParameter&gt;&lt;/sld:Stroke&gt;&lt;/sld:LineSymbolizer&gt;&lt;/sld:Rule&gt;&lt;/sld:FeatureTypeStyle&gt;&lt;/sld:UserStyle&gt;</string>
    </entry>
    <entry>
      <string>repastcity3.agent.ThreadedAgentScheduler</string>
      <string>&lt;?xml version=&quot;1.0&quot; encoding=&quot;UTF-8&quot;?&gt;&lt;sld:UserStyle xmlns=&quot;http://www.opengis.net/sld&quot; xmlns:sld=&quot;http://www.opengis.net/sld&quot; xmlns:ogc=&quot;http://www.opengis.net/ogc&quot; xmlns:gml=&quot;http://www.opengis.net/gml&quot;&gt;&lt;sld:Name&gt;Default Styler&lt;/sld:Name&gt;&lt;sld:Title&gt;Default Styler&lt;/sld:Title&gt;&lt;sld:Abstract/&gt;&lt;sld:FeatureTypeStyle&gt;&lt;sld:Name&gt;name&lt;/sld:Name&gt;&lt;sld:Title&gt;title&lt;/sld:Title&gt;&lt;sld:Abstract&gt;abstract&lt;/sld:Abstract&gt;&lt;sld:FeatureTypeName&gt;Feature&lt;/sld:FeatureTypeName&gt;&lt;sld:SemanticTypeIdentifier&gt;generic:geometry&lt;/sld:SemanticTypeIdentifier&gt;&lt;sld:Rule&gt;&lt;sld:MaxScaleDenominator&gt;1.7976931348623157E308&lt;/sld:MaxScaleDenominator&gt;&lt;sld:LineSymbolizer&gt;&lt;sld:Stroke&gt;&lt;sld:CssParameter name=&quot;stroke&quot;&gt;&lt;ogc:Literal&gt;#FF0000&lt;/ogc:Literal&gt;&lt;/sld:CssParameter&gt;&lt;sld:CssParameter name=&quot;stroke-linecap&quot;&gt;&lt;ogc:Literal&gt;butt&lt;/ogc:Literal&gt;&lt;/sld:CssParameter&gt;&lt;sld:CssParameter name=&quot;stroke-linejoin&quot;&gt;&lt;ogc:Literal&gt;miter&lt;/ogc:Literal&gt;&lt;/sld:CssParameter&gt;&lt;sld:CssParameter name=&quot;stroke-opacity&quot;&gt;&lt;ogc:Literal&gt;1.0&lt;/ogc:Literal&gt;&lt;/sld:CssParameter&gt;&lt;sld:CssParameter name=&quot;stroke-width&quot;&gt;&lt;ogc:Literal&gt;1.0&lt;/ogc:Literal&gt;&lt;/sld:CssParameter&gt;&lt;sld:CssParameter name=&quot;stroke-dashoffset&quot;&gt;&lt;ogc:Literal&gt;0.0&lt;/ogc:Literal&gt;&lt;/sld:CssParameter&gt;&lt;/sld:Stroke&gt;&lt;/sld:LineSymbolizer&gt;&lt;/sld:Rule&gt;&lt;/sld:FeatureTypeStyle&gt;&lt;/sld:UserStyle&gt;</string>
    </entry>
    <entry>
      <string>repastcity3.agent.IAgent</string>
      <string>&lt;?xml version=&quot;1.0&quot; encoding=&quot;UTF-8&quot;?&gt;&lt;sld:UserStyle xmlns=&quot;http://www.opengis.net/sld&quot; xmlns:sld=&quot;http://www.opengis.net/sld&quot; xmlns:ogc=&quot;http://www.opengis.net/ogc&quot; xmlns:gml=&quot;http://www.opengis.net/gml&quot;&gt;&lt;sld:Name&gt;Default Styler&lt;/sld:Name&gt;&lt;sld:Title&gt;Default Styler&lt;/sld:Title&gt;&lt;sld:Abstract/&gt;&lt;sld:FeatureTypeStyle&gt;&lt;sld:Name&gt;name&lt;/sld:Name&gt;&lt;sld:Title&gt;title&lt;/sld:Title&gt;&lt;sld:Abstract&gt;abstract&lt;/sld:Abstract&gt;&lt;sld:FeatureTypeName&gt;Feature&lt;/sld:FeatureTypeName&gt;&lt;sld:SemanticTypeIdentifier&gt;generic:geometry&lt;/sld:SemanticTypeIdentifier&gt;&lt;sld:Rule&gt;&lt;sld:MaxScaleDenominator&gt;1.7976931348623157E308&lt;/sld:MaxScaleDenominator&gt;&lt;sld:LineSymbolizer&gt;&lt;sld:Stroke&gt;&lt;sld:CssParameter name=&quot;stroke&quot;&gt;&lt;ogc:Literal&gt;#FF0000&lt;/ogc:Literal&gt;&lt;/sld:CssParameter&gt;&lt;sld:CssParameter name=&quot;stroke-linecap&quot;&gt;&lt;ogc:Literal&gt;butt&lt;/ogc:Literal&gt;&lt;/sld:CssParameter&gt;&lt;sld:CssParameter name=&quot;stroke-linejoin&quot;&gt;&lt;ogc:Literal&gt;miter&lt;/ogc:Literal&gt;&lt;/sld:CssParameter&gt;&lt;sld:CssParameter name=&quot;stroke-opacity&quot;&gt;&lt;ogc:Literal&gt;1.0&lt;/ogc:Literal&gt;&lt;/sld:CssParameter&gt;&lt;sld:CssParameter name=&quot;stroke-width&quot;&gt;&lt;ogc:Literal&gt;1.0&lt;/ogc:Literal&gt;&lt;/sld:CssParameter&gt;&lt;sld:CssParameter name=&quot;stroke-dashoffset&quot;&gt;&lt;ogc:Literal&gt;0.0&lt;/ogc:Literal&gt;&lt;/sld:CssParameter&gt;&lt;/sld:Stroke&gt;&lt;/sld:LineSymbolizer&gt;&lt;/sld:Rule&gt;&lt;/sld:FeatureTypeStyle&gt;&lt;/sld:UserStyle&gt;</string>
    </entry>
    <entry>
      <string>repastcity3.agent.AgendaFactory</string>
      <string>&lt;?xml version=&quot;1.0&quot; encoding=&quot;UTF-8&quot;?&gt;&lt;sld:UserStyle xmlns=&quot;http://www.opengis.net/sld&quot; xmlns:sld=&quot;http://www.opengis.net/sld&quot; xmlns:ogc=&quot;http://www.opengis.net/ogc&quot; xmlns:gml=&quot;http://www.opengis.net/gml&quot;&gt;&lt;sld:Name&gt;Default Styler&lt;/sld:Name&gt;&lt;sld:Title&gt;Default Styler&lt;/sld:Title&gt;&lt;sld:Abstract/&gt;&lt;sld:FeatureTypeStyle&gt;&lt;sld:Name&gt;name&lt;/sld:Name&gt;&lt;sld:Title&gt;title&lt;/sld:Title&gt;&lt;sld:Abstract&gt;abstract&lt;/sld:Abstract&gt;&lt;sld:FeatureTypeName&gt;Feature&lt;/sld:FeatureTypeName&gt;&lt;sld:SemanticTypeIdentifier&gt;generic:geometry&lt;/sld:SemanticTypeIdentifier&gt;&lt;sld:Rule&gt;&lt;sld:MaxScaleDenominator&gt;1.7976931348623157E308&lt;/sld:MaxScaleDenominator&gt;&lt;sld:PolygonSymbolizer&gt;&lt;sld:Fill&gt;&lt;sld:CssParameter name=&quot;fill&quot;&gt;&lt;ogc:Literal&gt;#FF0000&lt;/ogc:Literal&gt;&lt;/sld:CssParameter&gt;&lt;sld:CssParameter name=&quot;fill-opacity&quot;&gt;&lt;ogc:Literal&gt;1.0&lt;/ogc:Literal&gt;&lt;/sld:CssParameter&gt;&lt;/sld:Fill&gt;&lt;sld:Stroke&gt;&lt;sld:CssParameter name=&quot;stroke&quot;&gt;&lt;ogc:Literal&gt;#000000&lt;/ogc:Literal&gt;&lt;/sld:CssParameter&gt;&lt;sld:CssParameter name=&quot;stroke-linecap&quot;&gt;&lt;ogc:Literal&gt;butt&lt;/ogc:Literal&gt;&lt;/sld:CssParameter&gt;&lt;sld:CssParameter name=&quot;stroke-linejoin&quot;&gt;&lt;ogc:Literal&gt;miter&lt;/ogc:Literal&gt;&lt;/sld:CssParameter&gt;&lt;sld:CssParameter name=&quot;stroke-opacity&quot;&gt;&lt;ogc:Literal&gt;1.0&lt;/ogc:Literal&gt;&lt;/sld:CssParameter&gt;&lt;sld:CssParameter name=&quot;stroke-width&quot;&gt;&lt;ogc:Literal&gt;1.0&lt;/ogc:Literal&gt;&lt;/sld:CssParameter&gt;&lt;sld:CssParameter name=&quot;stroke-dashoffset&quot;&gt;&lt;ogc:Literal&gt;0.0&lt;/ogc:Literal&gt;&lt;/sld:CssParameter&gt;&lt;/sld:Stroke&gt;&lt;/sld:PolygonSymbolizer&gt;&lt;/sld:Rule&gt;&lt;/sld:FeatureTypeStyle&gt;&lt;/sld:UserStyle&gt;</string>
    </entry>
    <entry>
      <string>repastcity3.agent.AgentFactory</string>
      <string>&lt;?xml version=&quot;1.0&quot; encoding=&quot;UTF-8&quot;?&gt;&lt;sld:UserStyle xmlns=&quot;http://www.opengis.net/sld&quot; xmlns:sld=&quot;http://www.opengis.net/sld&quot; xmlns:ogc=&quot;http://www.opengis.net/ogc&quot; xmlns:gml=&quot;http://www.opengis.net/gml&quot;&gt;&lt;sld:Name&gt;Default Styler&lt;/sld:Name&gt;&lt;sld:Title&gt;Default Styler&lt;/sld:Title&gt;&lt;sld:Abstract/&gt;&lt;sld:FeatureTypeStyle&gt;&lt;sld:Name&gt;name&lt;/sld:Name&gt;&lt;sld:Title&gt;title&lt;/sld:Title&gt;&lt;sld:Abstract&gt;abstract&lt;/sld:Abstract&gt;&lt;sld:FeatureTypeName&gt;Feature&lt;/sld:FeatureTypeName&gt;&lt;sld:SemanticTypeIdentifier&gt;generic:geometry&lt;/sld:SemanticTypeIdentifier&gt;&lt;sld:Rule&gt;&lt;sld:MaxScaleDenominator&gt;1.7976931348623157E308&lt;/sld:MaxScaleDenominator&gt;&lt;sld:LineSymbolizer&gt;&lt;sld:Stroke&gt;&lt;sld:CssParameter name=&quot;stroke&quot;&gt;&lt;ogc:Literal&gt;#FF0000&lt;/ogc:Literal&gt;&lt;/sld:CssParameter&gt;&lt;sld:CssParameter name=&quot;stroke-linecap&quot;&gt;&lt;ogc:Literal&gt;butt&lt;/ogc:Literal&gt;&lt;/sld:CssParameter&gt;&lt;sld:CssParameter name=&quot;stroke-linejoin&quot;&gt;&lt;ogc:Literal&gt;miter&lt;/ogc:Literal&gt;&lt;/sld:CssParameter&gt;&lt;sld:CssParameter name=&quot;stroke-opacity&quot;&gt;&lt;ogc:Literal&gt;1.0&lt;/ogc:Literal&gt;&lt;/sld:CssParameter&gt;&lt;sld:CssParameter name=&quot;stroke-width&quot;&gt;&lt;ogc:Literal&gt;1.0&lt;/ogc:Literal&gt;&lt;/sld:CssParameter&gt;&lt;sld:CssParameter name=&quot;stroke-dashoffset&quot;&gt;&lt;ogc:Literal&gt;0.0&lt;/ogc:Literal&gt;&lt;/sld:CssParameter&gt;&lt;/sld:Stroke&gt;&lt;/sld:LineSymbolizer&gt;&lt;/sld:Rule&gt;&lt;/sld:FeatureTypeStyle&gt;&lt;/sld:UserStyle&gt;</string>
    </entry>
    <entry>
      <string>repastcity3.agent.DefaultTestAgent</string>
      <string>&lt;?xml version=&quot;1.0&quot; encoding=&quot;UTF-8&quot;?&gt;&lt;sld:UserStyle xmlns=&quot;http://www.opengis.net/sld&quot; xmlns:sld=&quot;http://www.opengis.net/sld&quot; xmlns:ogc=&quot;http://www.opengis.net/ogc&quot; xmlns:gml=&quot;http://www.opengis.net/gml&quot;&gt;&lt;sld:Name&gt;Default Styler&lt;/sld:Name&gt;&lt;sld:Title&gt;Default Styler&lt;/sld:Title&gt;&lt;sld:Abstract&gt;class repast.simphony.gis.styleEditor.ByRangePanel:type&lt;/sld:Abstract&gt;&lt;sld:FeatureTypeStyle&gt;&lt;sld:Name&gt;name&lt;/sld:Name&gt;&lt;sld:Title&gt;Default Styler&lt;/sld:Title&gt;&lt;sld:Abstract&gt;abstract&lt;/sld:Abstract&gt;&lt;sld:FeatureTypeName&gt;Feature&lt;/sld:FeatureTypeName&gt;&lt;sld:SemanticTypeIdentifier&gt;generic:geometry&lt;/sld:SemanticTypeIdentifier&gt;&lt;sld:SemanticTypeIdentifier&gt;colorbrewer:fts&lt;/sld:SemanticTypeIdentifier&gt;&lt;sld:Rule&gt;&lt;sld:Name&gt;rule01&lt;/sld:Name&gt;&lt;sld:Title&gt;0 to 1&lt;/sld:Title&gt;&lt;ogc:Filter&gt;&lt;ogc:And&gt;&lt;ogc:PropertyIsGreaterThanOrEqualTo&gt;&lt;ogc:PropertyName&gt;type&lt;/ogc:PropertyName&gt;&lt;ogc:Literal&gt;0&lt;/ogc:Literal&gt;&lt;/ogc:PropertyIsGreaterThanOrEqualTo&gt;&lt;ogc:PropertyIsLessThan&gt;&lt;ogc:PropertyName&gt;type&lt;/ogc:PropertyName&gt;&lt;ogc:Literal&gt;1&lt;/ogc:Literal&gt;&lt;/ogc:PropertyIsLessThan&gt;&lt;/ogc:And&gt;&lt;/ogc:Filter&gt;&lt;sld:MaxScaleDenominator&gt;1.7976931348623157E308&lt;/sld:MaxScaleDenominator&gt;&lt;sld:PointSymbolizer&gt;&lt;sld:Graphic&gt;&lt;sld:Mark&gt;&lt;sld:WellKnownName&gt;star&lt;/sld:WellKnownName&gt;&lt;sld:Fill&gt;&lt;sld:CssParameter name=&quot;fill&quot;&gt;&lt;ogc:Literal&gt;#762A83&lt;/ogc:Literal&gt;&lt;/sld:CssParameter&gt;&lt;sld:CssParameter name=&quot;fill-opacity&quot;&gt;&lt;ogc:Literal&gt;1.0&lt;/ogc:Literal&gt;&lt;/sld:CssParameter&gt;&lt;/sld:Fill&gt;&lt;sld:Stroke&gt;&lt;sld:CssParameter name=&quot;stroke&quot;&gt;&lt;ogc:Literal&gt;#000000&lt;/ogc:Literal&gt;&lt;/sld:CssParameter&gt;&lt;sld:CssParameter name=&quot;stroke-linecap&quot;&gt;&lt;ogc:Literal&gt;butt&lt;/ogc:Literal&gt;&lt;/sld:CssParameter&gt;&lt;sld:CssParameter name=&quot;stroke-linejoin&quot;&gt;&lt;ogc:Literal&gt;miter&lt;/ogc:Literal&gt;&lt;/sld:CssParameter&gt;&lt;sld:CssParameter name=&quot;stroke-opacity&quot;&gt;&lt;ogc:Literal&gt;1.0&lt;/ogc:Literal&gt;&lt;/sld:CssParameter&gt;&lt;sld:CssParameter name=&quot;stroke-width&quot;&gt;&lt;ogc:Literal&gt;1.0&lt;/ogc:Literal&gt;&lt;/sld:CssParameter&gt;&lt;sld:CssParameter name=&quot;stroke-dashoffset&quot;&gt;&lt;ogc:Literal&gt;0.0&lt;/ogc:Literal&gt;&lt;/sld:CssParameter&gt;&lt;/sld:Stroke&gt;&lt;/sld:Mark&gt;&lt;sld:Opacity&gt;&lt;ogc:Literal&gt;1.0&lt;/ogc:Literal&gt;&lt;/sld:Opacity&gt;&lt;sld:Size&gt;&lt;ogc:Literal&gt;10&lt;/ogc:Literal&gt;&lt;/sld:Size&gt;&lt;sld:Rotation&gt;&lt;ogc:Literal&gt;0.0&lt;/ogc:Literal&gt;&lt;/sld:Rotation&gt;&lt;/sld:Graphic&gt;&lt;/sld:PointSymbolizer&gt;&lt;/sld:Rule&gt;&lt;sld:Rule&gt;&lt;sld:Name&gt;rule02&lt;/sld:Name&gt;&lt;sld:Title&gt;1 to 2&lt;/sld:Title&gt;&lt;ogc:Filter&gt;&lt;ogc:And&gt;&lt;ogc:PropertyIsGreaterThanOrEqualTo&gt;&lt;ogc:PropertyName&gt;type&lt;/ogc:PropertyName&gt;&lt;ogc:Literal&gt;1&lt;/ogc:Literal&gt;&lt;/ogc:PropertyIsGreaterThanOrEqualTo&gt;&lt;ogc:PropertyIsLessThan&gt;&lt;ogc:PropertyName&gt;type&lt;/ogc:PropertyName&gt;&lt;ogc:Literal&gt;2&lt;/ogc:Literal&gt;&lt;/ogc:PropertyIsLessThan&gt;&lt;/ogc:And&gt;&lt;/ogc:Filter&gt;&lt;sld:MaxScaleDenominator&gt;1.7976931348623157E308&lt;/sld:MaxScaleDenominator&gt;&lt;sld:PointSymbolizer&gt;&lt;sld:Graphic&gt;&lt;sld:Mark&gt;&lt;sld:WellKnownName&gt;star&lt;/sld:WellKnownName&gt;&lt;sld:Fill&gt;&lt;sld:CssParameter name=&quot;fill&quot;&gt;&lt;ogc:Literal&gt;#9970AB&lt;/ogc:Literal&gt;&lt;/sld:CssParameter&gt;&lt;sld:CssParameter name=&quot;fill-opacity&quot;&gt;&lt;ogc:Literal&gt;1.0&lt;/ogc:Literal&gt;&lt;/sld:CssParameter&gt;&lt;/sld:Fill&gt;&lt;sld:Stroke&gt;&lt;sld:CssParameter name=&quot;stroke&quot;&gt;&lt;ogc:Literal&gt;#000000&lt;/ogc:Literal&gt;&lt;/sld:CssParameter&gt;&lt;sld:CssParameter name=&quot;stroke-linecap&quot;&gt;&lt;ogc:Literal&gt;butt&lt;/ogc:Literal&gt;&lt;/sld:CssParameter&gt;&lt;sld:CssParameter name=&quot;stroke-linejoin&quot;&gt;&lt;ogc:Literal&gt;miter&lt;/ogc:Literal&gt;&lt;/sld:CssParameter&gt;&lt;sld:CssParameter name=&quot;stroke-opacity&quot;&gt;&lt;ogc:Literal&gt;1.0&lt;/ogc:Literal&gt;&lt;/sld:CssParameter&gt;&lt;sld:CssParameter name=&quot;stroke-width&quot;&gt;&lt;ogc:Literal&gt;1.0&lt;/ogc:Literal&gt;&lt;/sld:CssParameter&gt;&lt;sld:CssParameter name=&quot;stroke-dashoffset&quot;&gt;&lt;ogc:Literal&gt;0.0&lt;/ogc:Literal&gt;&lt;/sld:CssParameter&gt;&lt;/sld:Stroke&gt;&lt;/sld:Mark&gt;&lt;sld:Opacity&gt;&lt;ogc:Literal&gt;1.0&lt;/ogc:Literal&gt;&lt;/sld:Opacity&gt;&lt;sld:Size&gt;&lt;ogc:Literal&gt;10&lt;/ogc:Literal&gt;&lt;/sld:Size&gt;&lt;sld:Rotation&gt;&lt;ogc:Literal&gt;0.0&lt;/ogc:Literal&gt;&lt;/sld:Rotation&gt;&lt;/sld:Graphic&gt;&lt;/sld:PointSymbolizer&gt;&lt;/sld:Rule&gt;&lt;sld:Rule&gt;&lt;sld:Name&gt;rule03&lt;/sld:Name&gt;&lt;sld:Title&gt;2 to 3&lt;/sld:Title&gt;&lt;ogc:Filter&gt;&lt;ogc:And&gt;&lt;ogc:PropertyIsGreaterThanOrEqualTo&gt;&lt;ogc:PropertyName&gt;type&lt;/ogc:PropertyName&gt;&lt;ogc:Literal&gt;2&lt;/ogc:Literal&gt;&lt;/ogc:PropertyIsGreaterThanOrEqualTo&gt;&lt;ogc:PropertyIsLessThan&gt;&lt;ogc:PropertyName&gt;type&lt;/ogc:PropertyName&gt;&lt;ogc:Literal&gt;3&lt;/ogc:Literal&gt;&lt;/ogc:PropertyIsLessThan&gt;&lt;/ogc:And&gt;&lt;/ogc:Filter&gt;&lt;sld:MaxScaleDenominator&gt;1.7976931348623157E308&lt;/sld:MaxScaleDenominator&gt;&lt;sld:PointSymbolizer&gt;&lt;sld:Graphic&gt;&lt;sld:Mark&gt;&lt;sld:WellKnownName&gt;star&lt;/sld:WellKnownName&gt;&lt;sld:Fill&gt;&lt;sld:CssParameter name=&quot;fill&quot;&gt;&lt;ogc:Literal&gt;#C2A5CF&lt;/ogc:Literal&gt;&lt;/sld:CssParameter&gt;&lt;sld:CssParameter name=&quot;fill-opacity&quot;&gt;&lt;ogc:Literal&gt;1.0&lt;/ogc:Literal&gt;&lt;/sld:CssParameter&gt;&lt;/sld:Fill&gt;&lt;sld:Stroke&gt;&lt;sld:CssParameter name=&quot;stroke&quot;&gt;&lt;ogc:Literal&gt;#000000&lt;/ogc:Literal&gt;&lt;/sld:CssParameter&gt;&lt;sld:CssParameter name=&quot;stroke-linecap&quot;&gt;&lt;ogc:Literal&gt;butt&lt;/ogc:Literal&gt;&lt;/sld:CssParameter&gt;&lt;sld:CssParameter name=&quot;stroke-linejoin&quot;&gt;&lt;ogc:Literal&gt;miter&lt;/ogc:Literal&gt;&lt;/sld:CssParameter&gt;&lt;sld:CssParameter name=&quot;stroke-opacity&quot;&gt;&lt;ogc:Literal&gt;1.0&lt;/ogc:Literal&gt;&lt;/sld:CssParameter&gt;&lt;sld:CssParameter name=&quot;stroke-width&quot;&gt;&lt;ogc:Literal&gt;1.0&lt;/ogc:Literal&gt;&lt;/sld:CssParameter&gt;&lt;sld:CssParameter name=&quot;stroke-dashoffset&quot;&gt;&lt;ogc:Literal&gt;0.0&lt;/ogc:Literal&gt;&lt;/sld:CssParameter&gt;&lt;/sld:Stroke&gt;&lt;/sld:Mark&gt;&lt;sld:Opacity&gt;&lt;ogc:Literal&gt;1.0&lt;/ogc:Literal&gt;&lt;/sld:Opacity&gt;&lt;sld:Size&gt;&lt;ogc:Literal&gt;10&lt;/ogc:Literal&gt;&lt;/sld:Size&gt;&lt;sld:Rotation&gt;&lt;ogc:Literal&gt;0.0&lt;/ogc:Literal&gt;&lt;/sld:Rotation&gt;&lt;/sld:Graphic&gt;&lt;/sld:PointSymbolizer&gt;&lt;/sld:Rule&gt;&lt;sld:Rule&gt;&lt;sld:Name&gt;rule04&lt;/sld:Name&gt;&lt;sld:Title&gt;3 to 4&lt;/sld:Title&gt;&lt;ogc:Filter&gt;&lt;ogc:And&gt;&lt;ogc:PropertyIsGreaterThanOrEqualTo&gt;&lt;ogc:PropertyName&gt;type&lt;/ogc:PropertyName&gt;&lt;ogc:Literal&gt;3&lt;/ogc:Literal&gt;&lt;/ogc:PropertyIsGreaterThanOrEqualTo&gt;&lt;ogc:PropertyIsLessThan&gt;&lt;ogc:PropertyName&gt;type&lt;/ogc:PropertyName&gt;&lt;ogc:Literal&gt;4&lt;/ogc:Literal&gt;&lt;/ogc:PropertyIsLessThan&gt;&lt;/ogc:And&gt;&lt;/ogc:Filter&gt;&lt;sld:MaxScaleDenominator&gt;1.7976931348623157E308&lt;/sld:MaxScaleDenominator&gt;&lt;sld:PointSymbolizer&gt;&lt;sld:Graphic&gt;&lt;sld:Mark&gt;&lt;sld:WellKnownName&gt;star&lt;/sld:WellKnownName&gt;&lt;sld:Fill&gt;&lt;sld:CssParameter name=&quot;fill&quot;&gt;&lt;ogc:Literal&gt;#E7D4E8&lt;/ogc:Literal&gt;&lt;/sld:CssParameter&gt;&lt;sld:CssParameter name=&quot;fill-opacity&quot;&gt;&lt;ogc:Literal&gt;1.0&lt;/ogc:Literal&gt;&lt;/sld:CssParameter&gt;&lt;/sld:Fill&gt;&lt;sld:Stroke&gt;&lt;sld:CssParameter name=&quot;stroke&quot;&gt;&lt;ogc:Literal&gt;#000000&lt;/ogc:Literal&gt;&lt;/sld:CssParameter&gt;&lt;sld:CssParameter name=&quot;stroke-linecap&quot;&gt;&lt;ogc:Literal&gt;butt&lt;/ogc:Literal&gt;&lt;/sld:CssParameter&gt;&lt;sld:CssParameter name=&quot;stroke-linejoin&quot;&gt;&lt;ogc:Literal&gt;miter&lt;/ogc:Literal&gt;&lt;/sld:CssParameter&gt;&lt;sld:CssParameter name=&quot;stroke-opacity&quot;&gt;&lt;ogc:Literal&gt;1.0&lt;/ogc:Literal&gt;&lt;/sld:CssParameter&gt;&lt;sld:CssParameter name=&quot;stroke-width&quot;&gt;&lt;ogc:Literal&gt;1.0&lt;/ogc:Literal&gt;&lt;/sld:CssParameter&gt;&lt;sld:CssParameter name=&quot;stroke-dashoffset&quot;&gt;&lt;ogc:Literal&gt;0.0&lt;/ogc:Literal&gt;&lt;/sld:CssParameter&gt;&lt;/sld:Stroke&gt;&lt;/sld:Mark&gt;&lt;sld:Opacity&gt;&lt;ogc:Literal&gt;1.0&lt;/ogc:Literal&gt;&lt;/sld:Opacity&gt;&lt;sld:Size&gt;&lt;ogc:Literal&gt;10&lt;/ogc:Literal&gt;&lt;/sld:Size&gt;&lt;sld:Rotation&gt;&lt;ogc:Literal&gt;0.0&lt;/ogc:Literal&gt;&lt;/sld:Rotation&gt;&lt;/sld:Graphic&gt;&lt;/sld:PointSymbolizer&gt;&lt;/sld:Rule&gt;&lt;sld:Rule&gt;&lt;sld:Name&gt;rule05&lt;/sld:Name&gt;&lt;sld:Title&gt;4 to 5&lt;/sld:Title&gt;&lt;ogc:Filter&gt;&lt;ogc:And&gt;&lt;ogc:PropertyIsGreaterThanOrEqualTo&gt;&lt;ogc:PropertyName&gt;type&lt;/ogc:PropertyName&gt;&lt;ogc:Literal&gt;4&lt;/ogc:Literal&gt;&lt;/ogc:PropertyIsGreaterThanOrEqualTo&gt;&lt;ogc:PropertyIsLessThan&gt;&lt;ogc:PropertyName&gt;type&lt;/ogc:PropertyName&gt;&lt;ogc:Literal&gt;5&lt;/ogc:Literal&gt;&lt;/ogc:PropertyIsLessThan&gt;&lt;/ogc:And&gt;&lt;/ogc:Filter&gt;&lt;sld:MaxScaleDenominator&gt;1.7976931348623157E308&lt;/sld:MaxScaleDenominator&gt;&lt;sld:PointSymbolizer&gt;&lt;sld:Graphic&gt;&lt;sld:Mark&gt;&lt;sld:WellKnownName&gt;star&lt;/sld:WellKnownName&gt;&lt;sld:Fill&gt;&lt;sld:CssParameter name=&quot;fill&quot;&gt;&lt;ogc:Literal&gt;#F7F7F7&lt;/ogc:Literal&gt;&lt;/sld:CssParameter&gt;&lt;sld:CssParameter name=&quot;fill-opacity&quot;&gt;&lt;ogc:Literal&gt;1.0&lt;/ogc:Literal&gt;&lt;/sld:CssParameter&gt;&lt;/sld:Fill&gt;&lt;sld:Stroke&gt;&lt;sld:CssParameter name=&quot;stroke&quot;&gt;&lt;ogc:Literal&gt;#000000&lt;/ogc:Literal&gt;&lt;/sld:CssParameter&gt;&lt;sld:CssParameter name=&quot;stroke-linecap&quot;&gt;&lt;ogc:Literal&gt;butt&lt;/ogc:Literal&gt;&lt;/sld:CssParameter&gt;&lt;sld:CssParameter name=&quot;stroke-linejoin&quot;&gt;&lt;ogc:Literal&gt;miter&lt;/ogc:Literal&gt;&lt;/sld:CssParameter&gt;&lt;sld:CssParameter name=&quot;stroke-opacity&quot;&gt;&lt;ogc:Literal&gt;1.0&lt;/ogc:Literal&gt;&lt;/sld:CssParameter&gt;&lt;sld:CssParameter name=&quot;stroke-width&quot;&gt;&lt;ogc:Literal&gt;1.0&lt;/ogc:Literal&gt;&lt;/sld:CssParameter&gt;&lt;sld:CssParameter name=&quot;stroke-dashoffset&quot;&gt;&lt;ogc:Literal&gt;0.0&lt;/ogc:Literal&gt;&lt;/sld:CssParameter&gt;&lt;/sld:Stroke&gt;&lt;/sld:Mark&gt;&lt;sld:Opacity&gt;&lt;ogc:Literal&gt;1.0&lt;/ogc:Literal&gt;&lt;/sld:Opacity&gt;&lt;sld:Size&gt;&lt;ogc:Literal&gt;10&lt;/ogc:Literal&gt;&lt;/sld:Size&gt;&lt;sld:Rotation&gt;&lt;ogc:Literal&gt;0.0&lt;/ogc:Literal&gt;&lt;/sld:Rotation&gt;&lt;/sld:Graphic&gt;&lt;/sld:PointSymbolizer&gt;&lt;/sld:Rule&gt;&lt;sld:Rule&gt;&lt;sld:Name&gt;rule06&lt;/sld:Name&gt;&lt;sld:Title&gt;5 to 6&lt;/sld:Title&gt;&lt;ogc:Filter&gt;&lt;ogc:And&gt;&lt;ogc:PropertyIsGreaterThanOrEqualTo&gt;&lt;ogc:PropertyName&gt;type&lt;/ogc:PropertyName&gt;&lt;ogc:Literal&gt;5&lt;/ogc:Literal&gt;&lt;/ogc:PropertyIsGreaterThanOrEqualTo&gt;&lt;ogc:PropertyIsLessThan&gt;&lt;ogc:PropertyName&gt;type&lt;/ogc:PropertyName&gt;&lt;ogc:Literal&gt;6&lt;/ogc:Literal&gt;&lt;/ogc:PropertyIsLessThan&gt;&lt;/ogc:And&gt;&lt;/ogc:Filter&gt;&lt;sld:MaxScaleDenominator&gt;1.7976931348623157E308&lt;/sld:MaxScaleDenominator&gt;&lt;sld:PointSymbolizer&gt;&lt;sld:Graphic&gt;&lt;sld:Mark&gt;&lt;sld:WellKnownName&gt;star&lt;/sld:WellKnownName&gt;&lt;sld:Fill&gt;&lt;sld:CssParameter name=&quot;fill&quot;&gt;&lt;ogc:Literal&gt;#D9F0D3&lt;/ogc:Literal&gt;&lt;/sld:CssParameter&gt;&lt;sld:CssParameter name=&quot;fill-opacity&quot;&gt;&lt;ogc:Literal&gt;1.0&lt;/ogc:Literal&gt;&lt;/sld:CssParameter&gt;&lt;/sld:Fill&gt;&lt;sld:Stroke&gt;&lt;sld:CssParameter name=&quot;stroke&quot;&gt;&lt;ogc:Literal&gt;#000000&lt;/ogc:Literal&gt;&lt;/sld:CssParameter&gt;&lt;sld:CssParameter name=&quot;stroke-linecap&quot;&gt;&lt;ogc:Literal&gt;butt&lt;/ogc:Literal&gt;&lt;/sld:CssParameter&gt;&lt;sld:CssParameter name=&quot;stroke-linejoin&quot;&gt;&lt;ogc:Literal&gt;miter&lt;/ogc:Literal&gt;&lt;/sld:CssParameter&gt;&lt;sld:CssParameter name=&quot;stroke-opacity&quot;&gt;&lt;ogc:Literal&gt;1.0&lt;/ogc:Literal&gt;&lt;/sld:CssParameter&gt;&lt;sld:CssParameter name=&quot;stroke-width&quot;&gt;&lt;ogc:Literal&gt;1.0&lt;/ogc:Literal&gt;&lt;/sld:CssParameter&gt;&lt;sld:CssParameter name=&quot;stroke-dashoffset&quot;&gt;&lt;ogc:Literal&gt;0.0&lt;/ogc:Literal&gt;&lt;/sld:CssParameter&gt;&lt;/sld:Stroke&gt;&lt;/sld:Mark&gt;&lt;sld:Opacity&gt;&lt;ogc:Literal&gt;1.0&lt;/ogc:Literal&gt;&lt;/sld:Opacity&gt;&lt;sld:Size&gt;&lt;ogc:Literal&gt;10&lt;/ogc:Literal&gt;&lt;/sld:Size&gt;&lt;sld:Rotation&gt;&lt;ogc:Literal&gt;0.0&lt;/ogc:Literal&gt;&lt;/sld:Rotation&gt;&lt;/sld:Graphic&gt;&lt;/sld:PointSymbolizer&gt;&lt;/sld:Rule&gt;&lt;sld:Rule&gt;&lt;sld:Name&gt;rule07&lt;/sld:Name&gt;&lt;sld:Title&gt;6 to 7&lt;/sld:Title&gt;&lt;ogc:Filter&gt;&lt;ogc:And&gt;&lt;ogc:PropertyIsGreaterThanOrEqualTo&gt;&lt;ogc:PropertyName&gt;type&lt;/ogc:PropertyName&gt;&lt;ogc:Literal&gt;6&lt;/ogc:Literal&gt;&lt;/ogc:PropertyIsGreaterThanOrEqualTo&gt;&lt;ogc:PropertyIsLessThan&gt;&lt;ogc:PropertyName&gt;type&lt;/ogc:PropertyName&gt;&lt;ogc:Literal&gt;7&lt;/ogc:Literal&gt;&lt;/ogc:PropertyIsLessThan&gt;&lt;/ogc:And&gt;&lt;/ogc:Filter&gt;&lt;sld:MaxScaleDenominator&gt;1.7976931348623157E308&lt;/sld:MaxScaleDenominator&gt;&lt;sld:PointSymbolizer&gt;&lt;sld:Graphic&gt;&lt;sld:Mark&gt;&lt;sld:WellKnownName&gt;star&lt;/sld:WellKnownName&gt;&lt;sld:Fill&gt;&lt;sld:CssParameter name=&quot;fill&quot;&gt;&lt;ogc:Literal&gt;#A6DBA0&lt;/ogc:Literal&gt;&lt;/sld:CssParameter&gt;&lt;sld:CssParameter name=&quot;fill-opacity&quot;&gt;&lt;ogc:Literal&gt;1.0&lt;/ogc:Literal&gt;&lt;/sld:CssParameter&gt;&lt;/sld:Fill&gt;&lt;sld:Stroke&gt;&lt;sld:CssParameter name=&quot;stroke&quot;&gt;&lt;ogc:Literal&gt;#000000&lt;/ogc:Literal&gt;&lt;/sld:CssParameter&gt;&lt;sld:CssParameter name=&quot;stroke-linecap&quot;&gt;&lt;ogc:Literal&gt;butt&lt;/ogc:Literal&gt;&lt;/sld:CssParameter&gt;&lt;sld:CssParameter name=&quot;stroke-linejoin&quot;&gt;&lt;ogc:Literal&gt;miter&lt;/ogc:Literal&gt;&lt;/sld:CssParameter&gt;&lt;sld:CssParameter name=&quot;stroke-opacity&quot;&gt;&lt;ogc:Literal&gt;1.0&lt;/ogc:Literal&gt;&lt;/sld:CssParameter&gt;&lt;sld:CssParameter name=&quot;stroke-width&quot;&gt;&lt;ogc:Literal&gt;1.0&lt;/ogc:Literal&gt;&lt;/sld:CssParameter&gt;&lt;sld:CssParameter name=&quot;stroke-dashoffset&quot;&gt;&lt;ogc:Literal&gt;0.0&lt;/ogc:Literal&gt;&lt;/sld:CssParameter&gt;&lt;/sld:Stroke&gt;&lt;/sld:Mark&gt;&lt;sld:Opacity&gt;&lt;ogc:Literal&gt;1.0&lt;/ogc:Literal&gt;&lt;/sld:Opacity&gt;&lt;sld:Size&gt;&lt;ogc:Literal&gt;10&lt;/ogc:Literal&gt;&lt;/sld:Size&gt;&lt;sld:Rotation&gt;&lt;ogc:Literal&gt;0.0&lt;/ogc:Literal&gt;&lt;/sld:Rotation&gt;&lt;/sld:Graphic&gt;&lt;/sld:PointSymbolizer&gt;&lt;/sld:Rule&gt;&lt;sld:Rule&gt;&lt;sld:Name&gt;rule08&lt;/sld:Name&gt;&lt;sld:Title&gt;7 to 8&lt;/sld:Title&gt;&lt;ogc:Filter&gt;&lt;ogc:And&gt;&lt;ogc:PropertyIsGreaterThanOrEqualTo&gt;&lt;ogc:PropertyName&gt;type&lt;/ogc:PropertyName&gt;&lt;ogc:Literal&gt;7&lt;/ogc:Literal&gt;&lt;/ogc:PropertyIsGreaterThanOrEqualTo&gt;&lt;ogc:PropertyIsLessThan&gt;&lt;ogc:PropertyName&gt;type&lt;/ogc:PropertyName&gt;&lt;ogc:Literal&gt;8&lt;/ogc:Literal&gt;&lt;/ogc:PropertyIsLessThan&gt;&lt;/ogc:And&gt;&lt;/ogc:Filter&gt;&lt;sld:MaxScaleDenominator&gt;1.7976931348623157E308&lt;/sld:MaxScaleDenominator&gt;&lt;sld:PointSymbolizer&gt;&lt;sld:Graphic&gt;&lt;sld:Mark&gt;&lt;sld:WellKnownName&gt;star&lt;/sld:WellKnownName&gt;&lt;sld:Fill&gt;&lt;sld:CssParameter name=&quot;fill&quot;&gt;&lt;ogc:Literal&gt;#5AAE61&lt;/ogc:Literal&gt;&lt;/sld:CssParameter&gt;&lt;sld:CssParameter name=&quot;fill-opacity&quot;&gt;&lt;ogc:Literal&gt;1.0&lt;/ogc:Literal&gt;&lt;/sld:CssParameter&gt;&lt;/sld:Fill&gt;&lt;sld:Stroke&gt;&lt;sld:CssParameter name=&quot;stroke&quot;&gt;&lt;ogc:Literal&gt;#000000&lt;/ogc:Literal&gt;&lt;/sld:CssParameter&gt;&lt;sld:CssParameter name=&quot;stroke-linecap&quot;&gt;&lt;ogc:Literal&gt;butt&lt;/ogc:Literal&gt;&lt;/sld:CssParameter&gt;&lt;sld:CssParameter name=&quot;stroke-linejoin&quot;&gt;&lt;ogc:Literal&gt;miter&lt;/ogc:Literal&gt;&lt;/sld:CssParameter&gt;&lt;sld:CssParameter name=&quot;stroke-opacity&quot;&gt;&lt;ogc:Literal&gt;1.0&lt;/ogc:Literal&gt;&lt;/sld:CssParameter&gt;&lt;sld:CssParameter name=&quot;stroke-width&quot;&gt;&lt;ogc:Literal&gt;1.0&lt;/ogc:Literal&gt;&lt;/sld:CssParameter&gt;&lt;sld:CssParameter name=&quot;stroke-dashoffset&quot;&gt;&lt;ogc:Literal&gt;0.0&lt;/ogc:Literal&gt;&lt;/sld:CssParameter&gt;&lt;/sld:Stroke&gt;&lt;/sld:Mark&gt;&lt;sld:Opacity&gt;&lt;ogc:Literal&gt;1.0&lt;/ogc:Literal&gt;&lt;/sld:Opacity&gt;&lt;sld:Size&gt;&lt;ogc:Literal&gt;10&lt;/ogc:Literal&gt;&lt;/sld:Size&gt;&lt;sld:Rotation&gt;&lt;ogc:Literal&gt;0.0&lt;/ogc:Literal&gt;&lt;/sld:Rotation&gt;&lt;/sld:Graphic&gt;&lt;/sld:PointSymbolizer&gt;&lt;/sld:Rule&gt;&lt;sld:Rule&gt;&lt;sld:Name&gt;rule09&lt;/sld:Name&gt;&lt;sld:Title&gt;8 to 9&lt;/sld:Title&gt;&lt;ogc:Filter&gt;&lt;ogc:And&gt;&lt;ogc:PropertyIsGreaterThanOrEqualTo&gt;&lt;ogc:PropertyName&gt;type&lt;/ogc:PropertyName&gt;&lt;ogc:Literal&gt;8&lt;/ogc:Literal&gt;&lt;/ogc:PropertyIsGreaterThanOrEqualTo&gt;&lt;ogc:PropertyIsLessThan&gt;&lt;ogc:PropertyName&gt;type&lt;/ogc:PropertyName&gt;&lt;ogc:Literal&gt;9&lt;/ogc:Literal&gt;&lt;/ogc:PropertyIsLessThan&gt;&lt;/ogc:And&gt;&lt;/ogc:Filter&gt;&lt;sld:MaxScaleDenominator&gt;1.7976931348623157E308&lt;/sld:MaxScaleDenominator&gt;&lt;sld:PointSymbolizer&gt;&lt;sld:Graphic&gt;&lt;sld:Mark&gt;&lt;sld:WellKnownName&gt;star&lt;/sld:WellKnownName&gt;&lt;sld:Fill&gt;&lt;sld:CssParameter name=&quot;fill&quot;&gt;&lt;ogc:Literal&gt;#1B7837&lt;/ogc:Literal&gt;&lt;/sld:CssParameter&gt;&lt;sld:CssParameter name=&quot;fill-opacity&quot;&gt;&lt;ogc:Literal&gt;1.0&lt;/ogc:Literal&gt;&lt;/sld:CssParameter&gt;&lt;/sld:Fill&gt;&lt;sld:Stroke&gt;&lt;sld:CssParameter name=&quot;stroke&quot;&gt;&lt;ogc:Literal&gt;#000000&lt;/ogc:Literal&gt;&lt;/sld:CssParameter&gt;&lt;sld:CssParameter name=&quot;stroke-linecap&quot;&gt;&lt;ogc:Literal&gt;butt&lt;/ogc:Literal&gt;&lt;/sld:CssParameter&gt;&lt;sld:CssParameter name=&quot;stroke-linejoin&quot;&gt;&lt;ogc:Literal&gt;miter&lt;/ogc:Literal&gt;&lt;/sld:CssParameter&gt;&lt;sld:CssParameter name=&quot;stroke-opacity&quot;&gt;&lt;ogc:Literal&gt;1.0&lt;/ogc:Literal&gt;&lt;/sld:CssParameter&gt;&lt;sld:CssParameter name=&quot;stroke-width&quot;&gt;&lt;ogc:Literal&gt;1.0&lt;/ogc:Literal&gt;&lt;/sld:CssParameter&gt;&lt;sld:CssParameter name=&quot;stroke-dashoffset&quot;&gt;&lt;ogc:Literal&gt;0.0&lt;/ogc:Literal&gt;&lt;/sld:CssParameter&gt;&lt;/sld:Stroke&gt;&lt;/sld:Mark&gt;&lt;sld:Opacity&gt;&lt;ogc:Literal&gt;1.0&lt;/ogc:Literal&gt;&lt;/sld:Opacity&gt;&lt;sld:Size&gt;&lt;ogc:Literal&gt;10&lt;/ogc:Literal&gt;&lt;/sld:Size&gt;&lt;sld:Rotation&gt;&lt;ogc:Literal&gt;0.0&lt;/ogc:Literal&gt;&lt;/sld:Rotation&gt;&lt;/sld:Graphic&gt;&lt;/sld:PointSymbolizer&gt;&lt;/sld:Rule&gt;&lt;sld:Rule&gt;&lt;sld:Name&gt;rule10&lt;/sld:Name&gt;&lt;sld:Title&gt;9 to 10&lt;/sld:Title&gt;&lt;ogc:Filter&gt;&lt;ogc:And&gt;&lt;ogc:PropertyIsGreaterThanOrEqualTo&gt;&lt;ogc:PropertyName&gt;type&lt;/ogc:PropertyName&gt;&lt;ogc:Literal&gt;9&lt;/ogc:Literal&gt;&lt;/ogc:PropertyIsGreaterThanOrEqualTo&gt;&lt;ogc:PropertyIsLessThanOrEqualTo&gt;&lt;ogc:PropertyName&gt;type&lt;/ogc:PropertyName&gt;&lt;ogc:Literal&gt;10&lt;/ogc:Literal&gt;&lt;/ogc:PropertyIsLessThanOrEqualTo&gt;&lt;/ogc:And&gt;&lt;/ogc:Filter&gt;&lt;sld:MaxScaleDenominator&gt;1.7976931348623157E308&lt;/sld:MaxScaleDenominator&gt;&lt;sld:PointSymbolizer&gt;&lt;sld:Graphic&gt;&lt;sld:Mark&gt;&lt;sld:WellKnownName&gt;star&lt;/sld:WellKnownName&gt;&lt;sld:Fill&gt;&lt;sld:CssParameter name=&quot;fill&quot;&gt;&lt;ogc:Literal&gt;#00441B&lt;/ogc:Literal&gt;&lt;/sld:CssParameter&gt;&lt;sld:CssParameter name=&quot;fill-opacity&quot;&gt;&lt;ogc:Literal&gt;1.0&lt;/ogc:Literal&gt;&lt;/sld:CssParameter&gt;&lt;/sld:Fill&gt;&lt;sld:Stroke&gt;&lt;sld:CssParameter name=&quot;stroke&quot;&gt;&lt;ogc:Literal&gt;#000000&lt;/ogc:Literal&gt;&lt;/sld:CssParameter&gt;&lt;sld:CssParameter name=&quot;stroke-linecap&quot;&gt;&lt;ogc:Literal&gt;butt&lt;/ogc:Literal&gt;&lt;/sld:CssParameter&gt;&lt;sld:CssParameter name=&quot;stroke-linejoin&quot;&gt;&lt;ogc:Literal&gt;miter&lt;/ogc:Literal&gt;&lt;/sld:CssParameter&gt;&lt;sld:CssParameter name=&quot;stroke-opacity&quot;&gt;&lt;ogc:Literal&gt;1.0&lt;/ogc:Literal&gt;&lt;/sld:CssParameter&gt;&lt;sld:CssParameter name=&quot;stroke-width&quot;&gt;&lt;ogc:Literal&gt;1.0&lt;/ogc:Literal&gt;&lt;/sld:CssParameter&gt;&lt;sld:CssParameter name=&quot;stroke-dashoffset&quot;&gt;&lt;ogc:Literal&gt;0.0&lt;/ogc:Literal&gt;&lt;/sld:CssParameter&gt;&lt;/sld:Stroke&gt;&lt;/sld:Mark&gt;&lt;sld:Opacity&gt;&lt;ogc:Literal&gt;1.0&lt;/ogc:Literal&gt;&lt;/sld:Opacity&gt;&lt;sld:Size&gt;&lt;ogc:Literal&gt;10&lt;/ogc:Literal&gt;&lt;/sld:Size&gt;&lt;sld:Rotation&gt;&lt;ogc:Literal&gt;0.0&lt;/ogc:Literal&gt;&lt;/sld:Rotation&gt;&lt;/sld:Graphic&gt;&lt;/sld:PointSymbolizer&gt;&lt;/sld:Rule&gt;&lt;sld:Rule&gt;&lt;sld:Name&gt;else&lt;/sld:Name&gt;&lt;sld:Title&gt;Else&lt;/sld:Title&gt;&lt;sld:ElseFilter/&gt;&lt;sld:MaxScaleDenominator&gt;1.7976931348623157E308&lt;/sld:MaxScaleDenominator&gt;&lt;sld:PointSymbolizer&gt;&lt;sld:Graphic&gt;&lt;sld:Mark&gt;&lt;sld:WellKnownName&gt;star&lt;/sld:WellKnownName&gt;&lt;sld:Fill&gt;&lt;sld:CssParameter name=&quot;fill&quot;&gt;&lt;ogc:Literal&gt;#40004B&lt;/ogc:Literal&gt;&lt;/sld:CssParameter&gt;&lt;sld:CssParameter name=&quot;fill-opacity&quot;&gt;&lt;ogc:Literal&gt;1.0&lt;/ogc:Literal&gt;&lt;/sld:CssParameter&gt;&lt;/sld:Fill&gt;&lt;sld:Stroke&gt;&lt;sld:CssParameter name=&quot;stroke&quot;&gt;&lt;ogc:Literal&gt;#000000&lt;/ogc:Literal&gt;&lt;/sld:CssParameter&gt;&lt;sld:CssParameter name=&quot;stroke-linecap&quot;&gt;&lt;ogc:Literal&gt;butt&lt;/ogc:Literal&gt;&lt;/sld:CssParameter&gt;&lt;sld:CssParameter name=&quot;stroke-linejoin&quot;&gt;&lt;ogc:Literal&gt;miter&lt;/ogc:Literal&gt;&lt;/sld:CssParameter&gt;&lt;sld:CssParameter name=&quot;stroke-opacity&quot;&gt;&lt;ogc:Literal&gt;1.0&lt;/ogc:Literal&gt;&lt;/sld:CssParameter&gt;&lt;sld:CssParameter name=&quot;stroke-width&quot;&gt;&lt;ogc:Literal&gt;1.0&lt;/ogc:Literal&gt;&lt;/sld:CssParameter&gt;&lt;sld:CssParameter name=&quot;stroke-dashoffset&quot;&gt;&lt;ogc:Literal&gt;0.0&lt;/ogc:Literal&gt;&lt;/sld:CssParameter&gt;&lt;/sld:Stroke&gt;&lt;/sld:Mark&gt;&lt;sld:Opacity&gt;&lt;ogc:Literal&gt;1.0&lt;/ogc:Literal&gt;&lt;/sld:Opacity&gt;&lt;sld:Size&gt;&lt;ogc:Literal&gt;10&lt;/ogc:Literal&gt;&lt;/sld:Size&gt;&lt;sld:Rotation&gt;&lt;ogc:Literal&gt;0.0&lt;/ogc:Literal&gt;&lt;/sld:Rotation&gt;&lt;/sld:Graphic&gt;&lt;/sld:PointSymbolizer&gt;&lt;/sld:Rule&gt;&lt;/sld:FeatureTypeStyle&gt;&lt;/sld:UserStyle&gt;</string>
    </entry>
    <entry>
      <string>repastcity3.agent.DefaultAgent</string>
      <string>&lt;?xml version=&quot;1.0&quot; encoding=&quot;UTF-8&quot;?&gt;&lt;sld:UserStyle xmlns=&quot;http://www.opengis.net/sld&quot; xmlns:sld=&quot;http://www.opengis.net/sld&quot; xmlns:ogc=&quot;http://www.opengis.net/ogc&quot; xmlns:gml=&quot;http://www.opengis.net/gml&quot;&gt;&lt;sld:Name&gt;Default Styler&lt;/sld:Name&gt;&lt;sld:Title&gt;Default Styler&lt;/sld:Title&gt;&lt;sld:Abstract&gt;class repast.simphony.gis.styleEditor.ByRangePanel:type&lt;/sld:Abstract&gt;&lt;sld:FeatureTypeStyle&gt;&lt;sld:Name&gt;name&lt;/sld:Name&gt;&lt;sld:Title&gt;Default Styler&lt;/sld:Title&gt;&lt;sld:Abstract&gt;abstract&lt;/sld:Abstract&gt;&lt;sld:FeatureTypeName&gt;Feature&lt;/sld:FeatureTypeName&gt;&lt;sld:SemanticTypeIdentifier&gt;generic:geometry&lt;/sld:SemanticTypeIdentifier&gt;&lt;sld:SemanticTypeIdentifier&gt;colorbrewer:fts&lt;/sld:SemanticTypeIdentifier&gt;&lt;sld:Rule&gt;&lt;sld:Name&gt;rule01&lt;/sld:Name&gt;&lt;sld:Title&gt;0 to 1&lt;/sld:Title&gt;&lt;ogc:Filter&gt;&lt;ogc:And&gt;&lt;ogc:PropertyIsGreaterThanOrEqualTo&gt;&lt;ogc:PropertyName&gt;type&lt;/ogc:PropertyName&gt;&lt;ogc:Literal&gt;0&lt;/ogc:Literal&gt;&lt;/ogc:PropertyIsGreaterThanOrEqualTo&gt;&lt;ogc:PropertyIsLessThan&gt;&lt;ogc:PropertyName&gt;type&lt;/ogc:PropertyName&gt;&lt;ogc:Literal&gt;1&lt;/ogc:Literal&gt;&lt;/ogc:PropertyIsLessThan&gt;&lt;/ogc:And&gt;&lt;/ogc:Filter&gt;&lt;sld:MaxScaleDenominator&gt;1.7976931348623157E308&lt;/sld:MaxScaleDenominator&gt;&lt;sld:PointSymbolizer&gt;&lt;sld:Graphic&gt;&lt;sld:Mark&gt;&lt;sld:WellKnownName&gt;star&lt;/sld:WellKnownName&gt;&lt;sld:Fill&gt;&lt;sld:CssParameter name=&quot;fill&quot;&gt;&lt;ogc:Literal&gt;#1F78B4&lt;/ogc:Literal&gt;&lt;/sld:CssParameter&gt;&lt;sld:CssParameter name=&quot;fill-opacity&quot;&gt;&lt;ogc:Literal&gt;1.0&lt;/ogc:Literal&gt;&lt;/sld:CssParameter&gt;&lt;/sld:Fill&gt;&lt;sld:Stroke&gt;&lt;sld:CssParameter name=&quot;stroke&quot;&gt;&lt;ogc:Literal&gt;#000000&lt;/ogc:Literal&gt;&lt;/sld:CssParameter&gt;&lt;sld:CssParameter name=&quot;stroke-linecap&quot;&gt;&lt;ogc:Literal&gt;butt&lt;/ogc:Literal&gt;&lt;/sld:CssParameter&gt;&lt;sld:CssParameter name=&quot;stroke-linejoin&quot;&gt;&lt;ogc:Literal&gt;miter&lt;/ogc:Literal&gt;&lt;/sld:CssParameter&gt;&lt;sld:CssParameter name=&quot;stroke-opacity&quot;&gt;&lt;ogc:Literal&gt;1.0&lt;/ogc:Literal&gt;&lt;/sld:CssParameter&gt;&lt;sld:CssParameter name=&quot;stroke-width&quot;&gt;&lt;ogc:Literal&gt;1.0&lt;/ogc:Literal&gt;&lt;/sld:CssParameter&gt;&lt;sld:CssParameter name=&quot;stroke-dashoffset&quot;&gt;&lt;ogc:Literal&gt;0.0&lt;/ogc:Literal&gt;&lt;/sld:CssParameter&gt;&lt;/sld:Stroke&gt;&lt;/sld:Mark&gt;&lt;sld:Opacity&gt;&lt;ogc:Literal&gt;1.0&lt;/ogc:Literal&gt;&lt;/sld:Opacity&gt;&lt;sld:Size&gt;&lt;ogc:Literal&gt;10&lt;/ogc:Literal&gt;&lt;/sld:Size&gt;&lt;sld:Rotation&gt;&lt;ogc:Literal&gt;0.0&lt;/ogc:Literal&gt;&lt;/sld:Rotation&gt;&lt;/sld:Graphic&gt;&lt;/sld:PointSymbolizer&gt;&lt;/sld:Rule&gt;&lt;sld:Rule&gt;&lt;sld:Name&gt;rule02&lt;/sld:Name&gt;&lt;sld:Title&gt;1 to 2&lt;/sld:Title&gt;&lt;ogc:Filter&gt;&lt;ogc:And&gt;&lt;ogc:PropertyIsGreaterThanOrEqualTo&gt;&lt;ogc:PropertyName&gt;type&lt;/ogc:PropertyName&gt;&lt;ogc:Literal&gt;1&lt;/ogc:Literal&gt;&lt;/ogc:PropertyIsGreaterThanOrEqualTo&gt;&lt;ogc:PropertyIsLessThan&gt;&lt;ogc:PropertyName&gt;type&lt;/ogc:PropertyName&gt;&lt;ogc:Literal&gt;2&lt;/ogc:Literal&gt;&lt;/ogc:PropertyIsLessThan&gt;&lt;/ogc:And&gt;&lt;/ogc:Filter&gt;&lt;sld:MaxScaleDenominator&gt;1.7976931348623157E308&lt;/sld:MaxScaleDenominator&gt;&lt;sld:PointSymbolizer&gt;&lt;sld:Graphic&gt;&lt;sld:Mark&gt;&lt;sld:WellKnownName&gt;star&lt;/sld:WellKnownName&gt;&lt;sld:Fill&gt;&lt;sld:CssParameter name=&quot;fill&quot;&gt;&lt;ogc:Literal&gt;#B2DF8A&lt;/ogc:Literal&gt;&lt;/sld:CssParameter&gt;&lt;sld:CssParameter name=&quot;fill-opacity&quot;&gt;&lt;ogc:Literal&gt;1.0&lt;/ogc:Literal&gt;&lt;/sld:CssParameter&gt;&lt;/sld:Fill&gt;&lt;sld:Stroke&gt;&lt;sld:CssParameter name=&quot;stroke&quot;&gt;&lt;ogc:Literal&gt;#000000&lt;/ogc:Literal&gt;&lt;/sld:CssParameter&gt;&lt;sld:CssParameter name=&quot;stroke-linecap&quot;&gt;&lt;ogc:Literal&gt;butt&lt;/ogc:Literal&gt;&lt;/sld:CssParameter&gt;&lt;sld:CssParameter name=&quot;stroke-linejoin&quot;&gt;&lt;ogc:Literal&gt;miter&lt;/ogc:Literal&gt;&lt;/sld:CssParameter&gt;&lt;sld:CssParameter name=&quot;stroke-opacity&quot;&gt;&lt;ogc:Literal&gt;1.0&lt;/ogc:Literal&gt;&lt;/sld:CssParameter&gt;&lt;sld:CssParameter name=&quot;stroke-width&quot;&gt;&lt;ogc:Literal&gt;1.0&lt;/ogc:Literal&gt;&lt;/sld:CssParameter&gt;&lt;sld:CssParameter name=&quot;stroke-dashoffset&quot;&gt;&lt;ogc:Literal&gt;0.0&lt;/ogc:Literal&gt;&lt;/sld:CssParameter&gt;&lt;/sld:Stroke&gt;&lt;/sld:Mark&gt;&lt;sld:Opacity&gt;&lt;ogc:Literal&gt;1.0&lt;/ogc:Literal&gt;&lt;/sld:Opacity&gt;&lt;sld:Size&gt;&lt;ogc:Literal&gt;10&lt;/ogc:Literal&gt;&lt;/sld:Size&gt;&lt;sld:Rotation&gt;&lt;ogc:Literal&gt;0.0&lt;/ogc:Literal&gt;&lt;/sld:Rotation&gt;&lt;/sld:Graphic&gt;&lt;/sld:PointSymbolizer&gt;&lt;/sld:Rule&gt;&lt;sld:Rule&gt;&lt;sld:Name&gt;rule03&lt;/sld:Name&gt;&lt;sld:Title&gt;2 to 3&lt;/sld:Title&gt;&lt;ogc:Filter&gt;&lt;ogc:And&gt;&lt;ogc:PropertyIsGreaterThanOrEqualTo&gt;&lt;ogc:PropertyName&gt;type&lt;/ogc:PropertyName&gt;&lt;ogc:Literal&gt;2&lt;/ogc:Literal&gt;&lt;/ogc:PropertyIsGreaterThanOrEqualTo&gt;&lt;ogc:PropertyIsLessThan&gt;&lt;ogc:PropertyName&gt;type&lt;/ogc:PropertyName&gt;&lt;ogc:Literal&gt;3&lt;/ogc:Literal&gt;&lt;/ogc:PropertyIsLessThan&gt;&lt;/ogc:And&gt;&lt;/ogc:Filter&gt;&lt;sld:MaxScaleDenominator&gt;1.7976931348623157E308&lt;/sld:MaxScaleDenominator&gt;&lt;sld:PointSymbolizer&gt;&lt;sld:Graphic&gt;&lt;sld:Mark&gt;&lt;sld:WellKnownName&gt;star&lt;/sld:WellKnownName&gt;&lt;sld:Fill&gt;&lt;sld:CssParameter name=&quot;fill&quot;&gt;&lt;ogc:Literal&gt;#33A02C&lt;/ogc:Literal&gt;&lt;/sld:CssParameter&gt;&lt;sld:CssParameter name=&quot;fill-opacity&quot;&gt;&lt;ogc:Literal&gt;1.0&lt;/ogc:Literal&gt;&lt;/sld:CssParameter&gt;&lt;/sld:Fill&gt;&lt;sld:Stroke&gt;&lt;sld:CssParameter name=&quot;stroke&quot;&gt;&lt;ogc:Literal&gt;#000000&lt;/ogc:Literal&gt;&lt;/sld:CssParameter&gt;&lt;sld:CssParameter name=&quot;stroke-linecap&quot;&gt;&lt;ogc:Literal&gt;butt&lt;/ogc:Literal&gt;&lt;/sld:CssParameter&gt;&lt;sld:CssParameter name=&quot;stroke-linejoin&quot;&gt;&lt;ogc:Literal&gt;miter&lt;/ogc:Literal&gt;&lt;/sld:CssParameter&gt;&lt;sld:CssParameter name=&quot;stroke-opacity&quot;&gt;&lt;ogc:Literal&gt;1.0&lt;/ogc:Literal&gt;&lt;/sld:CssParameter&gt;&lt;sld:CssParameter name=&quot;stroke-width&quot;&gt;&lt;ogc:Literal&gt;1.0&lt;/ogc:Literal&gt;&lt;/sld:CssParameter&gt;&lt;sld:CssParameter name=&quot;stroke-dashoffset&quot;&gt;&lt;ogc:Literal&gt;0.0&lt;/ogc:Literal&gt;&lt;/sld:CssParameter&gt;&lt;/sld:Stroke&gt;&lt;/sld:Mark&gt;&lt;sld:Opacity&gt;&lt;ogc:Literal&gt;1.0&lt;/ogc:Literal&gt;&lt;/sld:Opacity&gt;&lt;sld:Size&gt;&lt;ogc:Literal&gt;10&lt;/ogc:Literal&gt;&lt;/sld:Size&gt;&lt;sld:Rotation&gt;&lt;ogc:Literal&gt;0.0&lt;/ogc:Literal&gt;&lt;/sld:Rotation&gt;&lt;/sld:Graphic&gt;&lt;/sld:PointSymbolizer&gt;&lt;/sld:Rule&gt;&lt;sld:Rule&gt;&lt;sld:Name&gt;rule04&lt;/sld:Name&gt;&lt;sld:Title&gt;3 to 4&lt;/sld:Title&gt;&lt;ogc:Filter&gt;&lt;ogc:And&gt;&lt;ogc:PropertyIsGreaterThanOrEqualTo&gt;&lt;ogc:PropertyName&gt;type&lt;/ogc:PropertyName&gt;&lt;ogc:Literal&gt;3&lt;/ogc:Literal&gt;&lt;/ogc:PropertyIsGreaterThanOrEqualTo&gt;&lt;ogc:PropertyIsLessThan&gt;&lt;ogc:PropertyName&gt;type&lt;/ogc:PropertyName&gt;&lt;ogc:Literal&gt;4&lt;/ogc:Literal&gt;&lt;/ogc:PropertyIsLessThan&gt;&lt;/ogc:And&gt;&lt;/ogc:Filter&gt;&lt;sld:MaxScaleDenominator&gt;1.7976931348623157E308&lt;/sld:MaxScaleDenominator&gt;&lt;sld:PointSymbolizer&gt;&lt;sld:Graphic&gt;&lt;sld:Mark&gt;&lt;sld:WellKnownName&gt;star&lt;/sld:WellKnownName&gt;&lt;sld:Fill&gt;&lt;sld:CssParameter name=&quot;fill&quot;&gt;&lt;ogc:Literal&gt;#FB9A99&lt;/ogc:Literal&gt;&lt;/sld:CssParameter&gt;&lt;sld:CssParameter name=&quot;fill-opacity&quot;&gt;&lt;ogc:Literal&gt;1.0&lt;/ogc:Literal&gt;&lt;/sld:CssParameter&gt;&lt;/sld:Fill&gt;&lt;sld:Stroke&gt;&lt;sld:CssParameter name=&quot;stroke&quot;&gt;&lt;ogc:Literal&gt;#000000&lt;/ogc:Literal&gt;&lt;/sld:CssParameter&gt;&lt;sld:CssParameter name=&quot;stroke-linecap&quot;&gt;&lt;ogc:Literal&gt;butt&lt;/ogc:Literal&gt;&lt;/sld:CssParameter&gt;&lt;sld:CssParameter name=&quot;stroke-linejoin&quot;&gt;&lt;ogc:Literal&gt;miter&lt;/ogc:Literal&gt;&lt;/sld:CssParameter&gt;&lt;sld:CssParameter name=&quot;stroke-opacity&quot;&gt;&lt;ogc:Literal&gt;1.0&lt;/ogc:Literal&gt;&lt;/sld:CssParameter&gt;&lt;sld:CssParameter name=&quot;stroke-width&quot;&gt;&lt;ogc:Literal&gt;1.0&lt;/ogc:Literal&gt;&lt;/sld:CssParameter&gt;&lt;sld:CssParameter name=&quot;stroke-dashoffset&quot;&gt;&lt;ogc:Literal&gt;0.0&lt;/ogc:Literal&gt;&lt;/sld:CssParameter&gt;&lt;/sld:Stroke&gt;&lt;/sld:Mark&gt;&lt;sld:Opacity&gt;&lt;ogc:Literal&gt;1.0&lt;/ogc:Literal&gt;&lt;/sld:Opacity&gt;&lt;sld:Size&gt;&lt;ogc:Literal&gt;10&lt;/ogc:Literal&gt;&lt;/sld:Size&gt;&lt;sld:Rotation&gt;&lt;ogc:Literal&gt;0.0&lt;/ogc:Literal&gt;&lt;/sld:Rotation&gt;&lt;/sld:Graphic&gt;&lt;/sld:PointSymbolizer&gt;&lt;/sld:Rule&gt;&lt;sld:Rule&gt;&lt;sld:Name&gt;rule05&lt;/sld:Name&gt;&lt;sld:Title&gt;4 to 5&lt;/sld:Title&gt;&lt;ogc:Filter&gt;&lt;ogc:And&gt;&lt;ogc:PropertyIsGreaterThanOrEqualTo&gt;&lt;ogc:PropertyName&gt;type&lt;/ogc:PropertyName&gt;&lt;ogc:Literal&gt;4&lt;/ogc:Literal&gt;&lt;/ogc:PropertyIsGreaterThanOrEqualTo&gt;&lt;ogc:PropertyIsLessThan&gt;&lt;ogc:PropertyName&gt;type&lt;/ogc:PropertyName&gt;&lt;ogc:Literal&gt;5&lt;/ogc:Literal&gt;&lt;/ogc:PropertyIsLessThan&gt;&lt;/ogc:And&gt;&lt;/ogc:Filter&gt;&lt;sld:MaxScaleDenominator&gt;1.7976931348623157E308&lt;/sld:MaxScaleDenominator&gt;&lt;sld:PointSymbolizer&gt;&lt;sld:Graphic&gt;&lt;sld:Mark&gt;&lt;sld:WellKnownName&gt;star&lt;/sld:WellKnownName&gt;&lt;sld:Fill&gt;&lt;sld:CssParameter name=&quot;fill&quot;&gt;&lt;ogc:Literal&gt;#E31A1C&lt;/ogc:Literal&gt;&lt;/sld:CssParameter&gt;&lt;sld:CssParameter name=&quot;fill-opacity&quot;&gt;&lt;ogc:Literal&gt;1.0&lt;/ogc:Literal&gt;&lt;/sld:CssParameter&gt;&lt;/sld:Fill&gt;&lt;sld:Stroke&gt;&lt;sld:CssParameter name=&quot;stroke&quot;&gt;&lt;ogc:Literal&gt;#000000&lt;/ogc:Literal&gt;&lt;/sld:CssParameter&gt;&lt;sld:CssParameter name=&quot;stroke-linecap&quot;&gt;&lt;ogc:Literal&gt;butt&lt;/ogc:Literal&gt;&lt;/sld:CssParameter&gt;&lt;sld:CssParameter name=&quot;stroke-linejoin&quot;&gt;&lt;ogc:Literal&gt;miter&lt;/ogc:Literal&gt;&lt;/sld:CssParameter&gt;&lt;sld:CssParameter name=&quot;stroke-opacity&quot;&gt;&lt;ogc:Literal&gt;1.0&lt;/ogc:Literal&gt;&lt;/sld:CssParameter&gt;&lt;sld:CssParameter name=&quot;stroke-width&quot;&gt;&lt;ogc:Literal&gt;1.0&lt;/ogc:Literal&gt;&lt;/sld:CssParameter&gt;&lt;sld:CssParameter name=&quot;stroke-dashoffset&quot;&gt;&lt;ogc:Literal&gt;0.0&lt;/ogc:Literal&gt;&lt;/sld:CssParameter&gt;&lt;/sld:Stroke&gt;&lt;/sld:Mark&gt;&lt;sld:Opacity&gt;&lt;ogc:Literal&gt;1.0&lt;/ogc:Literal&gt;&lt;/sld:Opacity&gt;&lt;sld:Size&gt;&lt;ogc:Literal&gt;10&lt;/ogc:Literal&gt;&lt;/sld:Size&gt;&lt;sld:Rotation&gt;&lt;ogc:Literal&gt;0.0&lt;/ogc:Literal&gt;&lt;/sld:Rotation&gt;&lt;/sld:Graphic&gt;&lt;/sld:PointSymbolizer&gt;&lt;/sld:Rule&gt;&lt;sld:Rule&gt;&lt;sld:Name&gt;rule06&lt;/sld:Name&gt;&lt;sld:Title&gt;5 to 6&lt;/sld:Title&gt;&lt;ogc:Filter&gt;&lt;ogc:And&gt;&lt;ogc:PropertyIsGreaterThanOrEqualTo&gt;&lt;ogc:PropertyName&gt;type&lt;/ogc:PropertyName&gt;&lt;ogc:Literal&gt;5&lt;/ogc:Literal&gt;&lt;/ogc:PropertyIsGreaterThanOrEqualTo&gt;&lt;ogc:PropertyIsLessThan&gt;&lt;ogc:PropertyName&gt;type&lt;/ogc:PropertyName&gt;&lt;ogc:Literal&gt;6&lt;/ogc:Literal&gt;&lt;/ogc:PropertyIsLessThan&gt;&lt;/ogc:And&gt;&lt;/ogc:Filter&gt;&lt;sld:MaxScaleDenominator&gt;1.7976931348623157E308&lt;/sld:MaxScaleDenominator&gt;&lt;sld:PointSymbolizer&gt;&lt;sld:Graphic&gt;&lt;sld:Mark&gt;&lt;sld:WellKnownName&gt;star&lt;/sld:WellKnownName&gt;&lt;sld:Fill&gt;&lt;sld:CssParameter name=&quot;fill&quot;&gt;&lt;ogc:Literal&gt;#FDBF6F&lt;/ogc:Literal&gt;&lt;/sld:CssParameter&gt;&lt;sld:CssParameter name=&quot;fill-opacity&quot;&gt;&lt;ogc:Literal&gt;1.0&lt;/ogc:Literal&gt;&lt;/sld:CssParameter&gt;&lt;/sld:Fill&gt;&lt;sld:Stroke&gt;&lt;sld:CssParameter name=&quot;stroke&quot;&gt;&lt;ogc:Literal&gt;#000000&lt;/ogc:Literal&gt;&lt;/sld:CssParameter&gt;&lt;sld:CssParameter name=&quot;stroke-linecap&quot;&gt;&lt;ogc:Literal&gt;butt&lt;/ogc:Literal&gt;&lt;/sld:CssParameter&gt;&lt;sld:CssParameter name=&quot;stroke-linejoin&quot;&gt;&lt;ogc:Literal&gt;miter&lt;/ogc:Literal&gt;&lt;/sld:CssParameter&gt;&lt;sld:CssParameter name=&quot;stroke-opacity&quot;&gt;&lt;ogc:Literal&gt;1.0&lt;/ogc:Literal&gt;&lt;/sld:CssParameter&gt;&lt;sld:CssParameter name=&quot;stroke-width&quot;&gt;&lt;ogc:Literal&gt;1.0&lt;/ogc:Literal&gt;&lt;/sld:CssParameter&gt;&lt;sld:CssParameter name=&quot;stroke-dashoffset&quot;&gt;&lt;ogc:Literal&gt;0.0&lt;/ogc:Literal&gt;&lt;/sld:CssParameter&gt;&lt;/sld:Stroke&gt;&lt;/sld:Mark&gt;&lt;sld:Opacity&gt;&lt;ogc:Literal&gt;1.0&lt;/ogc:Literal&gt;&lt;/sld:Opacity&gt;&lt;sld:Size&gt;&lt;ogc:Literal&gt;10&lt;/ogc:Literal&gt;&lt;/sld:Size&gt;&lt;sld:Rotation&gt;&lt;ogc:Literal&gt;0.0&lt;/ogc:Literal&gt;&lt;/sld:Rotation&gt;&lt;/sld:Graphic&gt;&lt;/sld:PointSymbolizer&gt;&lt;/sld:Rule&gt;&lt;sld:Rule&gt;&lt;sld:Name&gt;rule07&lt;/sld:Name&gt;&lt;sld:Title&gt;6 to 7&lt;/sld:Title&gt;&lt;ogc:Filter&gt;&lt;ogc:And&gt;&lt;ogc:PropertyIsGreaterThanOrEqualTo&gt;&lt;ogc:PropertyName&gt;type&lt;/ogc:PropertyName&gt;&lt;ogc:Literal&gt;6&lt;/ogc:Literal&gt;&lt;/ogc:PropertyIsGreaterThanOrEqualTo&gt;&lt;ogc:PropertyIsLessThan&gt;&lt;ogc:PropertyName&gt;type&lt;/ogc:PropertyName&gt;&lt;ogc:Literal&gt;7&lt;/ogc:Literal&gt;&lt;/ogc:PropertyIsLessThan&gt;&lt;/ogc:And&gt;&lt;/ogc:Filter&gt;&lt;sld:MaxScaleDenominator&gt;1.7976931348623157E308&lt;/sld:MaxScaleDenominator&gt;&lt;sld:PointSymbolizer&gt;&lt;sld:Graphic&gt;&lt;sld:Mark&gt;&lt;sld:WellKnownName&gt;star&lt;/sld:WellKnownName&gt;&lt;sld:Fill&gt;&lt;sld:CssParameter name=&quot;fill&quot;&gt;&lt;ogc:Literal&gt;#FF7F00&lt;/ogc:Literal&gt;&lt;/sld:CssParameter&gt;&lt;sld:CssParameter name=&quot;fill-opacity&quot;&gt;&lt;ogc:Literal&gt;1.0&lt;/ogc:Literal&gt;&lt;/sld:CssParameter&gt;&lt;/sld:Fill&gt;&lt;sld:Stroke&gt;&lt;sld:CssParameter name=&quot;stroke&quot;&gt;&lt;ogc:Literal&gt;#000000&lt;/ogc:Literal&gt;&lt;/sld:CssParameter&gt;&lt;sld:CssParameter name=&quot;stroke-linecap&quot;&gt;&lt;ogc:Literal&gt;butt&lt;/ogc:Literal&gt;&lt;/sld:CssParameter&gt;&lt;sld:CssParameter name=&quot;stroke-linejoin&quot;&gt;&lt;ogc:Literal&gt;miter&lt;/ogc:Literal&gt;&lt;/sld:CssParameter&gt;&lt;sld:CssParameter name=&quot;stroke-opacity&quot;&gt;&lt;ogc:Literal&gt;1.0&lt;/ogc:Literal&gt;&lt;/sld:CssParameter&gt;&lt;sld:CssParameter name=&quot;stroke-width&quot;&gt;&lt;ogc:Literal&gt;1.0&lt;/ogc:Literal&gt;&lt;/sld:CssParameter&gt;&lt;sld:CssParameter name=&quot;stroke-dashoffset&quot;&gt;&lt;ogc:Literal&gt;0.0&lt;/ogc:Literal&gt;&lt;/sld:CssParameter&gt;&lt;/sld:Stroke&gt;&lt;/sld:Mark&gt;&lt;sld:Opacity&gt;&lt;ogc:Literal&gt;1.0&lt;/ogc:Literal&gt;&lt;/sld:Opacity&gt;&lt;sld:Size&gt;&lt;ogc:Literal&gt;10&lt;/ogc:Literal&gt;&lt;/sld:Size&gt;&lt;sld:Rotation&gt;&lt;ogc:Literal&gt;0.0&lt;/ogc:Literal&gt;&lt;/sld:Rotation&gt;&lt;/sld:Graphic&gt;&lt;/sld:PointSymbolizer&gt;&lt;/sld:Rule&gt;&lt;sld:Rule&gt;&lt;sld:Name&gt;rule08&lt;/sld:Name&gt;&lt;sld:Title&gt;7 to 8&lt;/sld:Title&gt;&lt;ogc:Filter&gt;&lt;ogc:And&gt;&lt;ogc:PropertyIsGreaterThanOrEqualTo&gt;&lt;ogc:PropertyName&gt;type&lt;/ogc:PropertyName&gt;&lt;ogc:Literal&gt;7&lt;/ogc:Literal&gt;&lt;/ogc:PropertyIsGreaterThanOrEqualTo&gt;&lt;ogc:PropertyIsLessThan&gt;&lt;ogc:PropertyName&gt;type&lt;/ogc:PropertyName&gt;&lt;ogc:Literal&gt;8&lt;/ogc:Literal&gt;&lt;/ogc:PropertyIsLessThan&gt;&lt;/ogc:And&gt;&lt;/ogc:Filter&gt;&lt;sld:MaxScaleDenominator&gt;1.7976931348623157E308&lt;/sld:MaxScaleDenominator&gt;&lt;sld:PointSymbolizer&gt;&lt;sld:Graphic&gt;&lt;sld:Mark&gt;&lt;sld:WellKnownName&gt;star&lt;/sld:WellKnownName&gt;&lt;sld:Fill&gt;&lt;sld:CssParameter name=&quot;fill&quot;&gt;&lt;ogc:Literal&gt;#CAB2D6&lt;/ogc:Literal&gt;&lt;/sld:CssParameter&gt;&lt;sld:CssParameter name=&quot;fill-opacity&quot;&gt;&lt;ogc:Literal&gt;1.0&lt;/ogc:Literal&gt;&lt;/sld:CssParameter&gt;&lt;/sld:Fill&gt;&lt;sld:Stroke&gt;&lt;sld:CssParameter name=&quot;stroke&quot;&gt;&lt;ogc:Literal&gt;#000000&lt;/ogc:Literal&gt;&lt;/sld:CssParameter&gt;&lt;sld:CssParameter name=&quot;stroke-linecap&quot;&gt;&lt;ogc:Literal&gt;butt&lt;/ogc:Literal&gt;&lt;/sld:CssParameter&gt;&lt;sld:CssParameter name=&quot;stroke-linejoin&quot;&gt;&lt;ogc:Literal&gt;miter&lt;/ogc:Literal&gt;&lt;/sld:CssParameter&gt;&lt;sld:CssParameter name=&quot;stroke-opacity&quot;&gt;&lt;ogc:Literal&gt;1.0&lt;/ogc:Literal&gt;&lt;/sld:CssParameter&gt;&lt;sld:CssParameter name=&quot;stroke-width&quot;&gt;&lt;ogc:Literal&gt;1.0&lt;/ogc:Literal&gt;&lt;/sld:CssParameter&gt;&lt;sld:CssParameter name=&quot;stroke-dashoffset&quot;&gt;&lt;ogc:Literal&gt;0.0&lt;/ogc:Literal&gt;&lt;/sld:CssParameter&gt;&lt;/sld:Stroke&gt;&lt;/sld:Mark&gt;&lt;sld:Opacity&gt;&lt;ogc:Literal&gt;1.0&lt;/ogc:Literal&gt;&lt;/sld:Opacity&gt;&lt;sld:Size&gt;&lt;ogc:Literal&gt;10&lt;/ogc:Literal&gt;&lt;/sld:Size&gt;&lt;sld:Rotation&gt;&lt;ogc:Literal&gt;0.0&lt;/ogc:Literal&gt;&lt;/sld:Rotation&gt;&lt;/sld:Graphic&gt;&lt;/sld:PointSymbolizer&gt;&lt;/sld:Rule&gt;&lt;sld:Rule&gt;&lt;sld:Name&gt;rule09&lt;/sld:Name&gt;&lt;sld:Title&gt;8 to 9&lt;/sld:Title&gt;&lt;ogc:Filter&gt;&lt;ogc:And&gt;&lt;ogc:PropertyIsGreaterThanOrEqualTo&gt;&lt;ogc:PropertyName&gt;type&lt;/ogc:PropertyName&gt;&lt;ogc:Literal&gt;8&lt;/ogc:Literal&gt;&lt;/ogc:PropertyIsGreaterThanOrEqualTo&gt;&lt;ogc:PropertyIsLessThan&gt;&lt;ogc:PropertyName&gt;type&lt;/ogc:PropertyName&gt;&lt;ogc:Literal&gt;9&lt;/ogc:Literal&gt;&lt;/ogc:PropertyIsLessThan&gt;&lt;/ogc:And&gt;&lt;/ogc:Filter&gt;&lt;sld:MaxScaleDenominator&gt;1.7976931348623157E308&lt;/sld:MaxScaleDenominator&gt;&lt;sld:PointSymbolizer&gt;&lt;sld:Graphic&gt;&lt;sld:Mark&gt;&lt;sld:WellKnownName&gt;star&lt;/sld:WellKnownName&gt;&lt;sld:Fill&gt;&lt;sld:CssParameter name=&quot;fill&quot;&gt;&lt;ogc:Literal&gt;#6A3D9A&lt;/ogc:Literal&gt;&lt;/sld:CssParameter&gt;&lt;sld:CssParameter name=&quot;fill-opacity&quot;&gt;&lt;ogc:Literal&gt;1.0&lt;/ogc:Literal&gt;&lt;/sld:CssParameter&gt;&lt;/sld:Fill&gt;&lt;sld:Stroke&gt;&lt;sld:CssParameter name=&quot;stroke&quot;&gt;&lt;ogc:Literal&gt;#000000&lt;/ogc:Literal&gt;&lt;/sld:CssParameter&gt;&lt;sld:CssParameter name=&quot;stroke-linecap&quot;&gt;&lt;ogc:Literal&gt;butt&lt;/ogc:Literal&gt;&lt;/sld:CssParameter&gt;&lt;sld:CssParameter name=&quot;stroke-linejoin&quot;&gt;&lt;ogc:Literal&gt;miter&lt;/ogc:Literal&gt;&lt;/sld:CssParameter&gt;&lt;sld:CssParameter name=&quot;stroke-opacity&quot;&gt;&lt;ogc:Literal&gt;1.0&lt;/ogc:Literal&gt;&lt;/sld:CssParameter&gt;&lt;sld:CssParameter name=&quot;stroke-width&quot;&gt;&lt;ogc:Literal&gt;1.0&lt;/ogc:Literal&gt;&lt;/sld:CssParameter&gt;&lt;sld:CssParameter name=&quot;stroke-dashoffset&quot;&gt;&lt;ogc:Literal&gt;0.0&lt;/ogc:Literal&gt;&lt;/sld:CssParameter&gt;&lt;/sld:Stroke&gt;&lt;/sld:Mark&gt;&lt;sld:Opacity&gt;&lt;ogc:Literal&gt;1.0&lt;/ogc:Literal&gt;&lt;/sld:Opacity&gt;&lt;sld:Size&gt;&lt;ogc:Literal&gt;10&lt;/ogc:Literal&gt;&lt;/sld:Size&gt;&lt;sld:Rotation&gt;&lt;ogc:Literal&gt;0.0&lt;/ogc:Literal&gt;&lt;/sld:Rotation&gt;&lt;/sld:Graphic&gt;&lt;/sld:PointSymbolizer&gt;&lt;/sld:Rule&gt;&lt;sld:Rule&gt;&lt;sld:Name&gt;rule10&lt;/sld:Name&gt;&lt;sld:Title&gt;9 to 10&lt;/sld:Title&gt;&lt;ogc:Filter&gt;&lt;ogc:And&gt;&lt;ogc:PropertyIsGreaterThanOrEqualTo&gt;&lt;ogc:PropertyName&gt;type&lt;/ogc:PropertyName&gt;&lt;ogc:Literal&gt;9&lt;/ogc:Literal&gt;&lt;/ogc:PropertyIsGreaterThanOrEqualTo&gt;&lt;ogc:PropertyIsLessThanOrEqualTo&gt;&lt;ogc:PropertyName&gt;type&lt;/ogc:PropertyName&gt;&lt;ogc:Literal&gt;10&lt;/ogc:Literal&gt;&lt;/ogc:PropertyIsLessThanOrEqualTo&gt;&lt;/ogc:And&gt;&lt;/ogc:Filter&gt;&lt;sld:MaxScaleDenominator&gt;1.7976931348623157E308&lt;/sld:MaxScaleDenominator&gt;&lt;sld:PointSymbolizer&gt;&lt;sld:Graphic&gt;&lt;sld:Mark&gt;&lt;sld:WellKnownName&gt;star&lt;/sld:WellKnownName&gt;&lt;sld:Fill&gt;&lt;sld:CssParameter name=&quot;fill&quot;&gt;&lt;ogc:Literal&gt;#FFFF99&lt;/ogc:Literal&gt;&lt;/sld:CssParameter&gt;&lt;sld:CssParameter name=&quot;fill-opacity&quot;&gt;&lt;ogc:Literal&gt;1.0&lt;/ogc:Literal&gt;&lt;/sld:CssParameter&gt;&lt;/sld:Fill&gt;&lt;sld:Stroke&gt;&lt;sld:CssParameter name=&quot;stroke&quot;&gt;&lt;ogc:Literal&gt;#000000&lt;/ogc:Literal&gt;&lt;/sld:CssParameter&gt;&lt;sld:CssParameter name=&quot;stroke-linecap&quot;&gt;&lt;ogc:Literal&gt;butt&lt;/ogc:Literal&gt;&lt;/sld:CssParameter&gt;&lt;sld:CssParameter name=&quot;stroke-linejoin&quot;&gt;&lt;ogc:Literal&gt;miter&lt;/ogc:Literal&gt;&lt;/sld:CssParameter&gt;&lt;sld:CssParameter name=&quot;stroke-opacity&quot;&gt;&lt;ogc:Literal&gt;1.0&lt;/ogc:Literal&gt;&lt;/sld:CssParameter&gt;&lt;sld:CssParameter name=&quot;stroke-width&quot;&gt;&lt;ogc:Literal&gt;1.0&lt;/ogc:Literal&gt;&lt;/sld:CssParameter&gt;&lt;sld:CssParameter name=&quot;stroke-dashoffset&quot;&gt;&lt;ogc:Literal&gt;0.0&lt;/ogc:Literal&gt;&lt;/sld:CssParameter&gt;&lt;/sld:Stroke&gt;&lt;/sld:Mark&gt;&lt;sld:Opacity&gt;&lt;ogc:Literal&gt;1.0&lt;/ogc:Literal&gt;&lt;/sld:Opacity&gt;&lt;sld:Size&gt;&lt;ogc:Literal&gt;10&lt;/ogc:Literal&gt;&lt;/sld:Size&gt;&lt;sld:Rotation&gt;&lt;ogc:Literal&gt;0.0&lt;/ogc:Literal&gt;&lt;/sld:Rotation&gt;&lt;/sld:Graphic&gt;&lt;/sld:PointSymbolizer&gt;&lt;/sld:Rule&gt;&lt;sld:Rule&gt;&lt;sld:Name&gt;else&lt;/sld:Name&gt;&lt;sld:Title&gt;Else&lt;/sld:Title&gt;&lt;sld:ElseFilter/&gt;&lt;sld:MaxScaleDenominator&gt;1.7976931348623157E308&lt;/sld:MaxScaleDenominator&gt;&lt;sld:PointSymbolizer&gt;&lt;sld:Graphic&gt;&lt;sld:Mark&gt;&lt;sld:WellKnownName&gt;star&lt;/sld:WellKnownName&gt;&lt;sld:Fill&gt;&lt;sld:CssParameter name=&quot;fill&quot;&gt;&lt;ogc:Literal&gt;#A6CEE3&lt;/ogc:Literal&gt;&lt;/sld:CssParameter&gt;&lt;sld:CssParameter name=&quot;fill-opacity&quot;&gt;&lt;ogc:Literal&gt;1.0&lt;/ogc:Literal&gt;&lt;/sld:CssParameter&gt;&lt;/sld:Fill&gt;&lt;sld:Stroke&gt;&lt;sld:CssParameter name=&quot;stroke&quot;&gt;&lt;ogc:Literal&gt;#000000&lt;/ogc:Literal&gt;&lt;/sld:CssParameter&gt;&lt;sld:CssParameter name=&quot;stroke-linecap&quot;&gt;&lt;ogc:Literal&gt;butt&lt;/ogc:Literal&gt;&lt;/sld:CssParameter&gt;&lt;sld:CssParameter name=&quot;stroke-linejoin&quot;&gt;&lt;ogc:Literal&gt;miter&lt;/ogc:Literal&gt;&lt;/sld:CssParameter&gt;&lt;sld:CssParameter name=&quot;stroke-opacity&quot;&gt;&lt;ogc:Literal&gt;1.0&lt;/ogc:Literal&gt;&lt;/sld:CssParameter&gt;&lt;sld:CssParameter name=&quot;stroke-width&quot;&gt;&lt;ogc:Literal&gt;1.0&lt;/ogc:Literal&gt;&lt;/sld:CssParameter&gt;&lt;sld:CssParameter name=&quot;stroke-dashoffset&quot;&gt;&lt;ogc:Literal&gt;0.0&lt;/ogc:Literal&gt;&lt;/sld:CssParameter&gt;&lt;/sld:Stroke&gt;&lt;/sld:Mark&gt;&lt;sld:Opacity&gt;&lt;ogc:Literal&gt;1.0&lt;/ogc:Literal&gt;&lt;/sld:Opacity&gt;&lt;sld:Size&gt;&lt;ogc:Literal&gt;10&lt;/ogc:Literal&gt;&lt;/sld:Size&gt;&lt;sld:Rotation&gt;&lt;ogc:Literal&gt;0.0&lt;/ogc:Literal&gt;&lt;/sld:Rotation&gt;&lt;/sld:Graphic&gt;&lt;/sld:PointSymbolizer&gt;&lt;/sld:Rule&gt;&lt;/sld:FeatureTypeStyle&gt;&lt;/sld:UserStyle&gt;</string>
    </entry>
  </styles>
  <editedStyles/>
  <netStyles/>
  <editedNetStyles/>
  <frequency>ON_NEW</frequency>
  <schedParams>
    <start>1.0</start>
    <interval>1.0</interval>
    <priority>-Infinity</priority>
    <duration>-1.0</duration>
    <frequency>REPEAT</frequency>
  </schedParams>
  <layoutInterval>0</layoutInterval>
  <layerOrder>
    <entry>
      <string>repastcity3.agent.ThreadController</string>
      <int>0</int>
    </entry>
    <entry>
      <string>repastcity3.agent.ThreadedAgentScheduler</string>
      <int>2</int>
    </entry>
    <entry>
      <string>repastcity3.agent.BurglarThread</string>
      <int>1</int>
    </entry>
    <entry>
      <string>C:\RepastSimphony-2.0\workspace\repastcity_sanemori\.\data\gis_data\york\roads.shp</string>
      <int>8</int>
    </entry>
    <entry>
      <string>repastcity3.agent.IAgent</string>
      <int>3</int>
    </entry>
    <entry>
      <string>C:\RepastSimphony-2.0\workspace\repastcity_sanemori\.\data\gis_data\york\buildings.shp</string>
      <int>9</int>
    </entry>
    <entry>
      <string>repastcity3.agent.AgentFactory</string>
      <int>5</int>
    </entry>
    <entry>
      <string>repastcity3.agent.AgendaFactory</string>
      <int>4</int>
    </entry>
    <entry>
      <string>repastcity3.agent.DefaultTestAgent</string>
      <int>6</int>
    </entry>
    <entry>
      <string>repastcity3.agent.DefaultAgent</string>
      <int>7</int>
    </entry>
  </layerOrder>
  <projections>
    <repast.simphony.scenario.data.ProjectionData>
      <id>AgentGeography</id>
      <attributes/>
      <type>GEOGRAPHY</type>
    </repast.simphony.scenario.data.ProjectionData>
  </projections>
  <valueLayers/>
  <projectionDescriptors>
    <entry>
      <string>AgentGeography</string>
      <repast.simphony.visualization.gis.GisProjectionDescriptor>
        <proj reference="../../../../projections/repast.simphony.scenario.data.ProjectionData"/>
        <props/>
      </repast.simphony.visualization.gis.GisProjectionDescriptor>
    </entry>
  </projectionDescriptors>
  <props>
    <entry>
      <string>class repast.simphony.visualization.gis.DisplayGIS.SHP_FILE_STYLE_PROP</string>
      <map>
        <entry>
          <string>C:\RepastSimphony-2.0\workspace\repastcity_sanemori\.\data\gis_data\york\roads.shp</string>
          <string>&lt;?xml version=&quot;1.0&quot; encoding=&quot;UTF-8&quot;?&gt;&lt;sld:UserStyle xmlns=&quot;http://www.opengis.net/sld&quot; xmlns:sld=&quot;http://www.opengis.net/sld&quot; xmlns:ogc=&quot;http://www.opengis.net/ogc&quot; xmlns:gml=&quot;http://www.opengis.net/gml&quot;&gt;&lt;sld:Name&gt;Default Styler&lt;/sld:Name&gt;&lt;sld:Title&gt;Default Styler&lt;/sld:Title&gt;&lt;sld:Abstract/&gt;&lt;sld:FeatureTypeStyle&gt;&lt;sld:Name&gt;name&lt;/sld:Name&gt;&lt;sld:Title&gt;Default Styler&lt;/sld:Title&gt;&lt;sld:Abstract&gt;abstract&lt;/sld:Abstract&gt;&lt;sld:FeatureTypeName&gt;roads&lt;/sld:FeatureTypeName&gt;&lt;sld:SemanticTypeIdentifier&gt;generic:geometry&lt;/sld:SemanticTypeIdentifier&gt;&lt;sld:Rule&gt;&lt;sld:Title&gt; &lt;/sld:Title&gt;&lt;sld:MaxScaleDenominator&gt;1.7976931348623157E308&lt;/sld:MaxScaleDenominator&gt;&lt;sld:LineSymbolizer&gt;&lt;sld:Stroke&gt;&lt;sld:CssParameter name=&quot;stroke&quot;&gt;&lt;ogc:Literal&gt;#000000&lt;/ogc:Literal&gt;&lt;/sld:CssParameter&gt;&lt;sld:CssParameter name=&quot;stroke-linecap&quot;&gt;&lt;ogc:Literal&gt;butt&lt;/ogc:Literal&gt;&lt;/sld:CssParameter&gt;&lt;sld:CssParameter name=&quot;stroke-linejoin&quot;&gt;&lt;ogc:Literal&gt;miter&lt;/ogc:Literal&gt;&lt;/sld:CssParameter&gt;&lt;sld:CssParameter name=&quot;stroke-opacity&quot;&gt;&lt;ogc:Literal&gt;1.0&lt;/ogc:Literal&gt;&lt;/sld:CssParameter&gt;&lt;sld:CssParameter name=&quot;stroke-width&quot;&gt;&lt;ogc:Literal&gt;1.0&lt;/ogc:Literal&gt;&lt;/sld:CssParameter&gt;&lt;sld:CssParameter name=&quot;stroke-dashoffset&quot;&gt;&lt;ogc:Literal&gt;0.0&lt;/ogc:Literal&gt;&lt;/sld:CssParameter&gt;&lt;/sld:Stroke&gt;&lt;/sld:LineSymbolizer&gt;&lt;/sld:Rule&gt;&lt;/sld:FeatureTypeStyle&gt;&lt;/sld:UserStyle&gt;</string>
        </entry>
        <entry>
          <string>C:\RepastSimphony-2.0\workspace\repastcity_sanemori\.\data\gis_data\york\buildings.shp</string>
          <string>&lt;?xml version=&quot;1.0&quot; encoding=&quot;UTF-8&quot;?&gt;&lt;sld:UserStyle xmlns=&quot;http://www.opengis.net/sld&quot; xmlns:sld=&quot;http://www.opengis.net/sld&quot; xmlns:ogc=&quot;http://www.opengis.net/ogc&quot; xmlns:gml=&quot;http://www.opengis.net/gml&quot;&gt;&lt;sld:Name&gt;Default Styler&lt;/sld:Name&gt;&lt;sld:Title&gt;Default Styler&lt;/sld:Title&gt;&lt;sld:Abstract&gt;class repast.simphony.gis.styleEditor.ByRangePanel:SHAPE_Area&lt;/sld:Abstract&gt;&lt;sld:FeatureTypeStyle&gt;&lt;sld:Name&gt;name&lt;/sld:Name&gt;&lt;sld:Title&gt;Default Styler&lt;/sld:Title&gt;&lt;sld:Abstract&gt;abstract&lt;/sld:Abstract&gt;&lt;sld:FeatureTypeName&gt;Feature&lt;/sld:FeatureTypeName&gt;&lt;sld:SemanticTypeIdentifier&gt;generic:geometry&lt;/sld:SemanticTypeIdentifier&gt;&lt;sld:SemanticTypeIdentifier&gt;colorbrewer:fts&lt;/sld:SemanticTypeIdentifier&gt;&lt;sld:Rule&gt;&lt;sld:Name&gt;rule01&lt;/sld:Name&gt;&lt;sld:Title&gt;0 to 1&lt;/sld:Title&gt;&lt;ogc:Filter&gt;&lt;ogc:And&gt;&lt;ogc:PropertyIsGreaterThanOrEqualTo&gt;&lt;ogc:PropertyName&gt;SHAPE_Area&lt;/ogc:PropertyName&gt;&lt;ogc:Literal&gt;0&lt;/ogc:Literal&gt;&lt;/ogc:PropertyIsGreaterThanOrEqualTo&gt;&lt;ogc:PropertyIsLessThan&gt;&lt;ogc:PropertyName&gt;SHAPE_Area&lt;/ogc:PropertyName&gt;&lt;ogc:Literal&gt;1&lt;/ogc:Literal&gt;&lt;/ogc:PropertyIsLessThan&gt;&lt;/ogc:And&gt;&lt;/ogc:Filter&gt;&lt;sld:MaxScaleDenominator&gt;1.7976931348623157E308&lt;/sld:MaxScaleDenominator&gt;&lt;sld:PolygonSymbolizer&gt;&lt;sld:Fill&gt;&lt;sld:CssParameter name=&quot;fill&quot;&gt;&lt;ogc:Literal&gt;#1F78B4&lt;/ogc:Literal&gt;&lt;/sld:CssParameter&gt;&lt;sld:CssParameter name=&quot;fill-opacity&quot;&gt;&lt;ogc:Literal&gt;1.0&lt;/ogc:Literal&gt;&lt;/sld:CssParameter&gt;&lt;/sld:Fill&gt;&lt;sld:Stroke&gt;&lt;sld:CssParameter name=&quot;stroke&quot;&gt;&lt;ogc:Literal&gt;#000000&lt;/ogc:Literal&gt;&lt;/sld:CssParameter&gt;&lt;sld:CssParameter name=&quot;stroke-linecap&quot;&gt;&lt;ogc:Literal&gt;butt&lt;/ogc:Literal&gt;&lt;/sld:CssParameter&gt;&lt;sld:CssParameter name=&quot;stroke-linejoin&quot;&gt;&lt;ogc:Literal&gt;miter&lt;/ogc:Literal&gt;&lt;/sld:CssParameter&gt;&lt;sld:CssParameter name=&quot;stroke-opacity&quot;&gt;&lt;ogc:Literal&gt;1.0&lt;/ogc:Literal&gt;&lt;/sld:CssParameter&gt;&lt;sld:CssParameter name=&quot;stroke-width&quot;&gt;&lt;ogc:Literal&gt;0.0&lt;/ogc:Literal&gt;&lt;/sld:CssParameter&gt;&lt;sld:CssParameter name=&quot;stroke-dashoffset&quot;&gt;&lt;ogc:Literal&gt;0.0&lt;/ogc:Literal&gt;&lt;/sld:CssParameter&gt;&lt;/sld:Stroke&gt;&lt;/sld:PolygonSymbolizer&gt;&lt;/sld:Rule&gt;&lt;sld:Rule&gt;&lt;sld:Name&gt;rule02&lt;/sld:Name&gt;&lt;sld:Title&gt;1 to 2&lt;/sld:Title&gt;&lt;ogc:Filter&gt;&lt;ogc:And&gt;&lt;ogc:PropertyIsGreaterThanOrEqualTo&gt;&lt;ogc:PropertyName&gt;SHAPE_Area&lt;/ogc:PropertyName&gt;&lt;ogc:Literal&gt;1&lt;/ogc:Literal&gt;&lt;/ogc:PropertyIsGreaterThanOrEqualTo&gt;&lt;ogc:PropertyIsLessThan&gt;&lt;ogc:PropertyName&gt;SHAPE_Area&lt;/ogc:PropertyName&gt;&lt;ogc:Literal&gt;2&lt;/ogc:Literal&gt;&lt;/ogc:PropertyIsLessThan&gt;&lt;/ogc:And&gt;&lt;/ogc:Filter&gt;&lt;sld:MaxScaleDenominator&gt;1.7976931348623157E308&lt;/sld:MaxScaleDenominator&gt;&lt;sld:PolygonSymbolizer&gt;&lt;sld:Fill&gt;&lt;sld:CssParameter name=&quot;fill&quot;&gt;&lt;ogc:Literal&gt;#B2DF8A&lt;/ogc:Literal&gt;&lt;/sld:CssParameter&gt;&lt;sld:CssParameter name=&quot;fill-opacity&quot;&gt;&lt;ogc:Literal&gt;1.0&lt;/ogc:Literal&gt;&lt;/sld:CssParameter&gt;&lt;/sld:Fill&gt;&lt;sld:Stroke&gt;&lt;sld:CssParameter name=&quot;stroke&quot;&gt;&lt;ogc:Literal&gt;#000000&lt;/ogc:Literal&gt;&lt;/sld:CssParameter&gt;&lt;sld:CssParameter name=&quot;stroke-linecap&quot;&gt;&lt;ogc:Literal&gt;butt&lt;/ogc:Literal&gt;&lt;/sld:CssParameter&gt;&lt;sld:CssParameter name=&quot;stroke-linejoin&quot;&gt;&lt;ogc:Literal&gt;miter&lt;/ogc:Literal&gt;&lt;/sld:CssParameter&gt;&lt;sld:CssParameter name=&quot;stroke-opacity&quot;&gt;&lt;ogc:Literal&gt;1.0&lt;/ogc:Literal&gt;&lt;/sld:CssParameter&gt;&lt;sld:CssParameter name=&quot;stroke-width&quot;&gt;&lt;ogc:Literal&gt;0.0&lt;/ogc:Literal&gt;&lt;/sld:CssParameter&gt;&lt;sld:CssParameter name=&quot;stroke-dashoffset&quot;&gt;&lt;ogc:Literal&gt;0.0&lt;/ogc:Literal&gt;&lt;/sld:CssParameter&gt;&lt;/sld:Stroke&gt;&lt;/sld:PolygonSymbolizer&gt;&lt;/sld:Rule&gt;&lt;sld:Rule&gt;&lt;sld:Name&gt;rule03&lt;/sld:Name&gt;&lt;sld:Title&gt;2 to 3&lt;/sld:Title&gt;&lt;ogc:Filter&gt;&lt;ogc:And&gt;&lt;ogc:PropertyIsGreaterThanOrEqualTo&gt;&lt;ogc:PropertyName&gt;SHAPE_Area&lt;/ogc:PropertyName&gt;&lt;ogc:Literal&gt;2&lt;/ogc:Literal&gt;&lt;/ogc:PropertyIsGreaterThanOrEqualTo&gt;&lt;ogc:PropertyIsLessThan&gt;&lt;ogc:PropertyName&gt;SHAPE_Area&lt;/ogc:PropertyName&gt;&lt;ogc:Literal&gt;3&lt;/ogc:Literal&gt;&lt;/ogc:PropertyIsLessThan&gt;&lt;/ogc:And&gt;&lt;/ogc:Filter&gt;&lt;sld:MaxScaleDenominator&gt;1.7976931348623157E308&lt;/sld:MaxScaleDenominator&gt;&lt;sld:PolygonSymbolizer&gt;&lt;sld:Fill&gt;&lt;sld:CssParameter name=&quot;fill&quot;&gt;&lt;ogc:Literal&gt;#33A02C&lt;/ogc:Literal&gt;&lt;/sld:CssParameter&gt;&lt;sld:CssParameter name=&quot;fill-opacity&quot;&gt;&lt;ogc:Literal&gt;1.0&lt;/ogc:Literal&gt;&lt;/sld:CssParameter&gt;&lt;/sld:Fill&gt;&lt;sld:Stroke&gt;&lt;sld:CssParameter name=&quot;stroke&quot;&gt;&lt;ogc:Literal&gt;#000000&lt;/ogc:Literal&gt;&lt;/sld:CssParameter&gt;&lt;sld:CssParameter name=&quot;stroke-linecap&quot;&gt;&lt;ogc:Literal&gt;butt&lt;/ogc:Literal&gt;&lt;/sld:CssParameter&gt;&lt;sld:CssParameter name=&quot;stroke-linejoin&quot;&gt;&lt;ogc:Literal&gt;miter&lt;/ogc:Literal&gt;&lt;/sld:CssParameter&gt;&lt;sld:CssParameter name=&quot;stroke-opacity&quot;&gt;&lt;ogc:Literal&gt;1.0&lt;/ogc:Literal&gt;&lt;/sld:CssParameter&gt;&lt;sld:CssParameter name=&quot;stroke-width&quot;&gt;&lt;ogc:Literal&gt;0.0&lt;/ogc:Literal&gt;&lt;/sld:CssParameter&gt;&lt;sld:CssParameter name=&quot;stroke-dashoffset&quot;&gt;&lt;ogc:Literal&gt;0.0&lt;/ogc:Literal&gt;&lt;/sld:CssParameter&gt;&lt;/sld:Stroke&gt;&lt;/sld:PolygonSymbolizer&gt;&lt;/sld:Rule&gt;&lt;sld:Rule&gt;&lt;sld:Name&gt;rule04&lt;/sld:Name&gt;&lt;sld:Title&gt;3 to 4&lt;/sld:Title&gt;&lt;ogc:Filter&gt;&lt;ogc:And&gt;&lt;ogc:PropertyIsGreaterThanOrEqualTo&gt;&lt;ogc:PropertyName&gt;SHAPE_Area&lt;/ogc:PropertyName&gt;&lt;ogc:Literal&gt;3&lt;/ogc:Literal&gt;&lt;/ogc:PropertyIsGreaterThanOrEqualTo&gt;&lt;ogc:PropertyIsLessThan&gt;&lt;ogc:PropertyName&gt;SHAPE_Area&lt;/ogc:PropertyName&gt;&lt;ogc:Literal&gt;4&lt;/ogc:Literal&gt;&lt;/ogc:PropertyIsLessThan&gt;&lt;/ogc:And&gt;&lt;/ogc:Filter&gt;&lt;sld:MaxScaleDenominator&gt;1.7976931348623157E308&lt;/sld:MaxScaleDenominator&gt;&lt;sld:PolygonSymbolizer&gt;&lt;sld:Fill&gt;&lt;sld:CssParameter name=&quot;fill&quot;&gt;&lt;ogc:Literal&gt;#FB9A99&lt;/ogc:Literal&gt;&lt;/sld:CssParameter&gt;&lt;sld:CssParameter name=&quot;fill-opacity&quot;&gt;&lt;ogc:Literal&gt;1.0&lt;/ogc:Literal&gt;&lt;/sld:CssParameter&gt;&lt;/sld:Fill&gt;&lt;sld:Stroke&gt;&lt;sld:CssParameter name=&quot;stroke&quot;&gt;&lt;ogc:Literal&gt;#000000&lt;/ogc:Literal&gt;&lt;/sld:CssParameter&gt;&lt;sld:CssParameter name=&quot;stroke-linecap&quot;&gt;&lt;ogc:Literal&gt;butt&lt;/ogc:Literal&gt;&lt;/sld:CssParameter&gt;&lt;sld:CssParameter name=&quot;stroke-linejoin&quot;&gt;&lt;ogc:Literal&gt;miter&lt;/ogc:Literal&gt;&lt;/sld:CssParameter&gt;&lt;sld:CssParameter name=&quot;stroke-opacity&quot;&gt;&lt;ogc:Literal&gt;1.0&lt;/ogc:Literal&gt;&lt;/sld:CssParameter&gt;&lt;sld:CssParameter name=&quot;stroke-width&quot;&gt;&lt;ogc:Literal&gt;0.0&lt;/ogc:Literal&gt;&lt;/sld:CssParameter&gt;&lt;sld:CssParameter name=&quot;stroke-dashoffset&quot;&gt;&lt;ogc:Literal&gt;0.0&lt;/ogc:Literal&gt;&lt;/sld:CssParameter&gt;&lt;/sld:Stroke&gt;&lt;/sld:PolygonSymbolizer&gt;&lt;/sld:Rule&gt;&lt;sld:Rule&gt;&lt;sld:Name&gt;rule05&lt;/sld:Name&gt;&lt;sld:Title&gt;4 to 5&lt;/sld:Title&gt;&lt;ogc:Filter&gt;&lt;ogc:And&gt;&lt;ogc:PropertyIsGreaterThanOrEqualTo&gt;&lt;ogc:PropertyName&gt;SHAPE_Area&lt;/ogc:PropertyName&gt;&lt;ogc:Literal&gt;4&lt;/ogc:Literal&gt;&lt;/ogc:PropertyIsGreaterThanOrEqualTo&gt;&lt;ogc:PropertyIsLessThan&gt;&lt;ogc:PropertyName&gt;SHAPE_Area&lt;/ogc:PropertyName&gt;&lt;ogc:Literal&gt;5&lt;/ogc:Literal&gt;&lt;/ogc:PropertyIsLessThan&gt;&lt;/ogc:And&gt;&lt;/ogc:Filter&gt;&lt;sld:MaxScaleDenominator&gt;1.7976931348623157E308&lt;/sld:MaxScaleDenominator&gt;&lt;sld:PolygonSymbolizer&gt;&lt;sld:Fill&gt;&lt;sld:CssParameter name=&quot;fill&quot;&gt;&lt;ogc:Literal&gt;#E31A1C&lt;/ogc:Literal&gt;&lt;/sld:CssParameter&gt;&lt;sld:CssParameter name=&quot;fill-opacity&quot;&gt;&lt;ogc:Literal&gt;1.0&lt;/ogc:Literal&gt;&lt;/sld:CssParameter&gt;&lt;/sld:Fill&gt;&lt;sld:Stroke&gt;&lt;sld:CssParameter name=&quot;stroke&quot;&gt;&lt;ogc:Literal&gt;#000000&lt;/ogc:Literal&gt;&lt;/sld:CssParameter&gt;&lt;sld:CssParameter name=&quot;stroke-linecap&quot;&gt;&lt;ogc:Literal&gt;butt&lt;/ogc:Literal&gt;&lt;/sld:CssParameter&gt;&lt;sld:CssParameter name=&quot;stroke-linejoin&quot;&gt;&lt;ogc:Literal&gt;miter&lt;/ogc:Literal&gt;&lt;/sld:CssParameter&gt;&lt;sld:CssParameter name=&quot;stroke-opacity&quot;&gt;&lt;ogc:Literal&gt;1.0&lt;/ogc:Literal&gt;&lt;/sld:CssParameter&gt;&lt;sld:CssParameter name=&quot;stroke-width&quot;&gt;&lt;ogc:Literal&gt;0.0&lt;/ogc:Literal&gt;&lt;/sld:CssParameter&gt;&lt;sld:CssParameter name=&quot;stroke-dashoffset&quot;&gt;&lt;ogc:Literal&gt;0.0&lt;/ogc:Literal&gt;&lt;/sld:CssParameter&gt;&lt;/sld:Stroke&gt;&lt;/sld:PolygonSymbolizer&gt;&lt;/sld:Rule&gt;&lt;sld:Rule&gt;&lt;sld:Name&gt;rule06&lt;/sld:Name&gt;&lt;sld:Title&gt;5 to 6&lt;/sld:Title&gt;&lt;ogc:Filter&gt;&lt;ogc:And&gt;&lt;ogc:PropertyIsGreaterThanOrEqualTo&gt;&lt;ogc:PropertyName&gt;SHAPE_Area&lt;/ogc:PropertyName&gt;&lt;ogc:Literal&gt;5&lt;/ogc:Literal&gt;&lt;/ogc:PropertyIsGreaterThanOrEqualTo&gt;&lt;ogc:PropertyIsLessThan&gt;&lt;ogc:PropertyName&gt;SHAPE_Area&lt;/ogc:PropertyName&gt;&lt;ogc:Literal&gt;6&lt;/ogc:Literal&gt;&lt;/ogc:PropertyIsLessThan&gt;&lt;/ogc:And&gt;&lt;/ogc:Filter&gt;&lt;sld:MaxScaleDenominator&gt;1.7976931348623157E308&lt;/sld:MaxScaleDenominator&gt;&lt;sld:PolygonSymbolizer&gt;&lt;sld:Fill&gt;&lt;sld:CssParameter name=&quot;fill&quot;&gt;&lt;ogc:Literal&gt;#FDBF6F&lt;/ogc:Literal&gt;&lt;/sld:CssParameter&gt;&lt;sld:CssParameter name=&quot;fill-opacity&quot;&gt;&lt;ogc:Literal&gt;1.0&lt;/ogc:Literal&gt;&lt;/sld:CssParameter&gt;&lt;/sld:Fill&gt;&lt;sld:Stroke&gt;&lt;sld:CssParameter name=&quot;stroke&quot;&gt;&lt;ogc:Literal&gt;#000000&lt;/ogc:Literal&gt;&lt;/sld:CssParameter&gt;&lt;sld:CssParameter name=&quot;stroke-linecap&quot;&gt;&lt;ogc:Literal&gt;butt&lt;/ogc:Literal&gt;&lt;/sld:CssParameter&gt;&lt;sld:CssParameter name=&quot;stroke-linejoin&quot;&gt;&lt;ogc:Literal&gt;miter&lt;/ogc:Literal&gt;&lt;/sld:CssParameter&gt;&lt;sld:CssParameter name=&quot;stroke-opacity&quot;&gt;&lt;ogc:Literal&gt;1.0&lt;/ogc:Literal&gt;&lt;/sld:CssParameter&gt;&lt;sld:CssParameter name=&quot;stroke-width&quot;&gt;&lt;ogc:Literal&gt;0.0&lt;/ogc:Literal&gt;&lt;/sld:CssParameter&gt;&lt;sld:CssParameter name=&quot;stroke-dashoffset&quot;&gt;&lt;ogc:Literal&gt;0.0&lt;/ogc:Literal&gt;&lt;/sld:CssParameter&gt;&lt;/sld:Stroke&gt;&lt;/sld:PolygonSymbolizer&gt;&lt;/sld:Rule&gt;&lt;sld:Rule&gt;&lt;sld:Name&gt;rule07&lt;/sld:Name&gt;&lt;sld:Title&gt;6 to 7&lt;/sld:Title&gt;&lt;ogc:Filter&gt;&lt;ogc:And&gt;&lt;ogc:PropertyIsGreaterThanOrEqualTo&gt;&lt;ogc:PropertyName&gt;SHAPE_Area&lt;/ogc:PropertyName&gt;&lt;ogc:Literal&gt;6&lt;/ogc:Literal&gt;&lt;/ogc:PropertyIsGreaterThanOrEqualTo&gt;&lt;ogc:PropertyIsLessThan&gt;&lt;ogc:PropertyName&gt;SHAPE_Area&lt;/ogc:PropertyName&gt;&lt;ogc:Literal&gt;7&lt;/ogc:Literal&gt;&lt;/ogc:PropertyIsLessThan&gt;&lt;/ogc:And&gt;&lt;/ogc:Filter&gt;&lt;sld:MaxScaleDenominator&gt;1.7976931348623157E308&lt;/sld:MaxScaleDenominator&gt;&lt;sld:PolygonSymbolizer&gt;&lt;sld:Fill&gt;&lt;sld:CssParameter name=&quot;fill&quot;&gt;&lt;ogc:Literal&gt;#FF7F00&lt;/ogc:Literal&gt;&lt;/sld:CssParameter&gt;&lt;sld:CssParameter name=&quot;fill-opacity&quot;&gt;&lt;ogc:Literal&gt;1.0&lt;/ogc:Literal&gt;&lt;/sld:CssParameter&gt;&lt;/sld:Fill&gt;&lt;sld:Stroke&gt;&lt;sld:CssParameter name=&quot;stroke&quot;&gt;&lt;ogc:Literal&gt;#000000&lt;/ogc:Literal&gt;&lt;/sld:CssParameter&gt;&lt;sld:CssParameter name=&quot;stroke-linecap&quot;&gt;&lt;ogc:Literal&gt;butt&lt;/ogc:Literal&gt;&lt;/sld:CssParameter&gt;&lt;sld:CssParameter name=&quot;stroke-linejoin&quot;&gt;&lt;ogc:Literal&gt;miter&lt;/ogc:Literal&gt;&lt;/sld:CssParameter&gt;&lt;sld:CssParameter name=&quot;stroke-opacity&quot;&gt;&lt;ogc:Literal&gt;1.0&lt;/ogc:Literal&gt;&lt;/sld:CssParameter&gt;&lt;sld:CssParameter name=&quot;stroke-width&quot;&gt;&lt;ogc:Literal&gt;0.0&lt;/ogc:Literal&gt;&lt;/sld:CssParameter&gt;&lt;sld:CssParameter name=&quot;stroke-dashoffset&quot;&gt;&lt;ogc:Literal&gt;0.0&lt;/ogc:Literal&gt;&lt;/sld:CssParameter&gt;&lt;/sld:Stroke&gt;&lt;/sld:PolygonSymbolizer&gt;&lt;/sld:Rule&gt;&lt;sld:Rule&gt;&lt;sld:Name&gt;rule08&lt;/sld:Name&gt;&lt;sld:Title&gt;7 to 8&lt;/sld:Title&gt;&lt;ogc:Filter&gt;&lt;ogc:And&gt;&lt;ogc:PropertyIsGreaterThanOrEqualTo&gt;&lt;ogc:PropertyName&gt;SHAPE_Area&lt;/ogc:PropertyName&gt;&lt;ogc:Literal&gt;7&lt;/ogc:Literal&gt;&lt;/ogc:PropertyIsGreaterThanOrEqualTo&gt;&lt;ogc:PropertyIsLessThan&gt;&lt;ogc:PropertyName&gt;SHAPE_Area&lt;/ogc:PropertyName&gt;&lt;ogc:Literal&gt;8&lt;/ogc:Literal&gt;&lt;/ogc:PropertyIsLessThan&gt;&lt;/ogc:And&gt;&lt;/ogc:Filter&gt;&lt;sld:MaxScaleDenominator&gt;1.7976931348623157E308&lt;/sld:MaxScaleDenominator&gt;&lt;sld:PolygonSymbolizer&gt;&lt;sld:Fill&gt;&lt;sld:CssParameter name=&quot;fill&quot;&gt;&lt;ogc:Literal&gt;#CAB2D6&lt;/ogc:Literal&gt;&lt;/sld:CssParameter&gt;&lt;sld:CssParameter name=&quot;fill-opacity&quot;&gt;&lt;ogc:Literal&gt;1.0&lt;/ogc:Literal&gt;&lt;/sld:CssParameter&gt;&lt;/sld:Fill&gt;&lt;sld:Stroke&gt;&lt;sld:CssParameter name=&quot;stroke&quot;&gt;&lt;ogc:Literal&gt;#000000&lt;/ogc:Literal&gt;&lt;/sld:CssParameter&gt;&lt;sld:CssParameter name=&quot;stroke-linecap&quot;&gt;&lt;ogc:Literal&gt;butt&lt;/ogc:Literal&gt;&lt;/sld:CssParameter&gt;&lt;sld:CssParameter name=&quot;stroke-linejoin&quot;&gt;&lt;ogc:Literal&gt;miter&lt;/ogc:Literal&gt;&lt;/sld:CssParameter&gt;&lt;sld:CssParameter name=&quot;stroke-opacity&quot;&gt;&lt;ogc:Literal&gt;1.0&lt;/ogc:Literal&gt;&lt;/sld:CssParameter&gt;&lt;sld:CssParameter name=&quot;stroke-width&quot;&gt;&lt;ogc:Literal&gt;0.0&lt;/ogc:Literal&gt;&lt;/sld:CssParameter&gt;&lt;sld:CssParameter name=&quot;stroke-dashoffset&quot;&gt;&lt;ogc:Literal&gt;0.0&lt;/ogc:Literal&gt;&lt;/sld:CssParameter&gt;&lt;/sld:Stroke&gt;&lt;/sld:PolygonSymbolizer&gt;&lt;/sld:Rule&gt;&lt;sld:Rule&gt;&lt;sld:Name&gt;rule09&lt;/sld:Name&gt;&lt;sld:Title&gt;8 to 9&lt;/sld:Title&gt;&lt;ogc:Filter&gt;&lt;ogc:And&gt;&lt;ogc:PropertyIsGreaterThanOrEqualTo&gt;&lt;ogc:PropertyName&gt;SHAPE_Area&lt;/ogc:PropertyName&gt;&lt;ogc:Literal&gt;8&lt;/ogc:Literal&gt;&lt;/ogc:PropertyIsGreaterThanOrEqualTo&gt;&lt;ogc:PropertyIsLessThan&gt;&lt;ogc:PropertyName&gt;SHAPE_Area&lt;/ogc:PropertyName&gt;&lt;ogc:Literal&gt;9&lt;/ogc:Literal&gt;&lt;/ogc:PropertyIsLessThan&gt;&lt;/ogc:And&gt;&lt;/ogc:Filter&gt;&lt;sld:MaxScaleDenominator&gt;1.7976931348623157E308&lt;/sld:MaxScaleDenominator&gt;&lt;sld:PolygonSymbolizer&gt;&lt;sld:Fill&gt;&lt;sld:CssParameter name=&quot;fill&quot;&gt;&lt;ogc:Literal&gt;#6A3D9A&lt;/ogc:Literal&gt;&lt;/sld:CssParameter&gt;&lt;sld:CssParameter name=&quot;fill-opacity&quot;&gt;&lt;ogc:Literal&gt;1.0&lt;/ogc:Literal&gt;&lt;/sld:CssParameter&gt;&lt;/sld:Fill&gt;&lt;sld:Stroke&gt;&lt;sld:CssParameter name=&quot;stroke&quot;&gt;&lt;ogc:Literal&gt;#000000&lt;/ogc:Literal&gt;&lt;/sld:CssParameter&gt;&lt;sld:CssParameter name=&quot;stroke-linecap&quot;&gt;&lt;ogc:Literal&gt;butt&lt;/ogc:Literal&gt;&lt;/sld:CssParameter&gt;&lt;sld:CssParameter name=&quot;stroke-linejoin&quot;&gt;&lt;ogc:Literal&gt;miter&lt;/ogc:Literal&gt;&lt;/sld:CssParameter&gt;&lt;sld:CssParameter name=&quot;stroke-opacity&quot;&gt;&lt;ogc:Literal&gt;1.0&lt;/ogc:Literal&gt;&lt;/sld:CssParameter&gt;&lt;sld:CssParameter name=&quot;stroke-width&quot;&gt;&lt;ogc:Literal&gt;0.0&lt;/ogc:Literal&gt;&lt;/sld:CssParameter&gt;&lt;sld:CssParameter name=&quot;stroke-dashoffset&quot;&gt;&lt;ogc:Literal&gt;0.0&lt;/ogc:Literal&gt;&lt;/sld:CssParameter&gt;&lt;/sld:Stroke&gt;&lt;/sld:PolygonSymbolizer&gt;&lt;/sld:Rule&gt;&lt;sld:Rule&gt;&lt;sld:Name&gt;rule10&lt;/sld:Name&gt;&lt;sld:Title&gt;9 to 10&lt;/sld:Title&gt;&lt;ogc:Filter&gt;&lt;ogc:And&gt;&lt;ogc:PropertyIsGreaterThanOrEqualTo&gt;&lt;ogc:PropertyName&gt;SHAPE_Area&lt;/ogc:PropertyName&gt;&lt;ogc:Literal&gt;9&lt;/ogc:Literal&gt;&lt;/ogc:PropertyIsGreaterThanOrEqualTo&gt;&lt;ogc:PropertyIsLessThanOrEqualTo&gt;&lt;ogc:PropertyName&gt;SHAPE_Area&lt;/ogc:PropertyName&gt;&lt;ogc:Literal&gt;10&lt;/ogc:Literal&gt;&lt;/ogc:PropertyIsLessThanOrEqualTo&gt;&lt;/ogc:And&gt;&lt;/ogc:Filter&gt;&lt;sld:MaxScaleDenominator&gt;1.7976931348623157E308&lt;/sld:MaxScaleDenominator&gt;&lt;sld:PolygonSymbolizer&gt;&lt;sld:Fill&gt;&lt;sld:CssParameter name=&quot;fill&quot;&gt;&lt;ogc:Literal&gt;#FFFF99&lt;/ogc:Literal&gt;&lt;/sld:CssParameter&gt;&lt;sld:CssParameter name=&quot;fill-opacity&quot;&gt;&lt;ogc:Literal&gt;1.0&lt;/ogc:Literal&gt;&lt;/sld:CssParameter&gt;&lt;/sld:Fill&gt;&lt;sld:Stroke&gt;&lt;sld:CssParameter name=&quot;stroke&quot;&gt;&lt;ogc:Literal&gt;#000000&lt;/ogc:Literal&gt;&lt;/sld:CssParameter&gt;&lt;sld:CssParameter name=&quot;stroke-linecap&quot;&gt;&lt;ogc:Literal&gt;butt&lt;/ogc:Literal&gt;&lt;/sld:CssParameter&gt;&lt;sld:CssParameter name=&quot;stroke-linejoin&quot;&gt;&lt;ogc:Literal&gt;miter&lt;/ogc:Literal&gt;&lt;/sld:CssParameter&gt;&lt;sld:CssParameter name=&quot;stroke-opacity&quot;&gt;&lt;ogc:Literal&gt;1.0&lt;/ogc:Literal&gt;&lt;/sld:CssParameter&gt;&lt;sld:CssParameter name=&quot;stroke-width&quot;&gt;&lt;ogc:Literal&gt;0.0&lt;/ogc:Literal&gt;&lt;/sld:CssParameter&gt;&lt;sld:CssParameter name=&quot;stroke-dashoffset&quot;&gt;&lt;ogc:Literal&gt;0.0&lt;/ogc:Literal&gt;&lt;/sld:CssParameter&gt;&lt;/sld:Stroke&gt;&lt;/sld:PolygonSymbolizer&gt;&lt;/sld:Rule&gt;&lt;sld:Rule&gt;&lt;sld:Name&gt;else&lt;/sld:Name&gt;&lt;sld:Title&gt;Else&lt;/sld:Title&gt;&lt;sld:ElseFilter/&gt;&lt;sld:MaxScaleDenominator&gt;1.7976931348623157E308&lt;/sld:MaxScaleDenominator&gt;&lt;sld:PolygonSymbolizer&gt;&lt;sld:Fill&gt;&lt;sld:CssParameter name=&quot;fill&quot;&gt;&lt;ogc:Literal&gt;#A6CEE3&lt;/ogc:Literal&gt;&lt;/sld:CssParameter&gt;&lt;sld:CssParameter name=&quot;fill-opacity&quot;&gt;&lt;ogc:Literal&gt;1.0&lt;/ogc:Literal&gt;&lt;/sld:CssParameter&gt;&lt;/sld:Fill&gt;&lt;sld:Stroke&gt;&lt;sld:CssParameter name=&quot;stroke&quot;&gt;&lt;ogc:Literal&gt;#000000&lt;/ogc:Literal&gt;&lt;/sld:CssParameter&gt;&lt;sld:CssParameter name=&quot;stroke-linecap&quot;&gt;&lt;ogc:Literal&gt;butt&lt;/ogc:Literal&gt;&lt;/sld:CssParameter&gt;&lt;sld:CssParameter name=&quot;stroke-linejoin&quot;&gt;&lt;ogc:Literal&gt;miter&lt;/ogc:Literal&gt;&lt;/sld:CssParameter&gt;&lt;sld:CssParameter name=&quot;stroke-opacity&quot;&gt;&lt;ogc:Literal&gt;1.0&lt;/ogc:Literal&gt;&lt;/sld:CssParameter&gt;&lt;sld:CssParameter name=&quot;stroke-width&quot;&gt;&lt;ogc:Literal&gt;0.0&lt;/ogc:Literal&gt;&lt;/sld:CssParameter&gt;&lt;sld:CssParameter name=&quot;stroke-dashoffset&quot;&gt;&lt;ogc:Literal&gt;0.0&lt;/ogc:Literal&gt;&lt;/sld:CssParameter&gt;&lt;/sld:Stroke&gt;&lt;/sld:PolygonSymbolizer&gt;&lt;/sld:Rule&gt;&lt;/sld:FeatureTypeStyle&gt;&lt;/sld:UserStyle&gt;</string>
        </entry>
      </map>
    </entry>
  </props>
</repast.simphony.visualization.engine.DefaultDisplayDescriptor>