<?xml version="1.0" encoding="UTF-8"?>
<metadata xml:lang="en"><Esri><CreaDate>20121027</CreaDate><CreaTime>01254500</CreaTime><ArcGISFormat>1.0</ArcGISFormat><SyncOnce>TRUE</SyncOnce><DataProperties><lineage><Process ToolSource="C:\Program Files\ArcGIS\Desktop10.0\ArcToolbox\Toolboxes\Data Management Tools.tbx\DeleteField" Date="20120112" Time="093859">DeleteField roads Version;VerDate;Theme;DescGroup;Change;TopoArea;LnkLength;Node1;Node1Grade;Node1Gra_1;Node2;Node2Grade;Node2Gra_1;LoadDate;OBJECTID;SHAPE_Leng</Process><Process ToolSource="C:\Program Files (x86)\ArcGIS\Desktop10.0\ArcToolbox\Toolboxes\Data Management Tools.tbx\CalculateField" Date="20120112" Time="112014">CalculateField roads identifier [Toid] VB #</Process><Process ToolSource="C:\Program Files (x86)\ArcGIS\Desktop10.0\ArcToolbox\Toolboxes\Data Management Tools.tbx\CalculateField" Date="20120112" Time="112036">CalculateField roads type 1 VB #</Process><Process ToolSource="C:\Program Files (x86)\ArcGIS\Desktop10.0\ArcToolbox\Toolboxes\Data Management Tools.tbx\DeleteField" Date="20120112" Time="121235">DeleteField S:\research-data\projects\sim_burglar\roads.shp access</Process></lineage><itemProps><itemLocation><linkage Sync="TRUE">file://\\NICK-PC\Users\nick\Dropbox\research\projects\sim_burglar\eclipse_workspace\repastcity_bankers\data\gis_data\york\roads</linkage><protocol Sync="TRUE">Local Area Network</protocol></itemLocation></itemProps><copyHistory><copy source="S:\research-data\projects\sim_burglar\york\roads" dest="\\NICK-PC\Users\nick\Dropbox\research\projects\sim_burglar\eclipse_workspace\repastcity_bankers\data\gis_data\york\roads" date="20120114" time="17225500"></copy></copyHistory></DataProperties></Esri></metadata>
